Ag,Al,B,C,Ca,Co,Cr,Cu,Fe,Ga,Hf,Li,Mg,Mn,Mo,Nb,Nd,Ni,Pd,Re,Sc,Si,Sn,Ta,Ti,V,W,Y,Zn,Zr,Valence electron count,Van der Waals Atomic Radius (pm),Empirical Atomic Radius (pm),Covalent Atomic Radius (pm),Elemental density (grams per cubic centimeter),Target
0.0,0.077,0.0,0.0,0.0,0.308,0.0,0.0,0.308,0.0,0.0,0.0,0.0,0.0,0.0,0.0,0.0,0.308,0.0,0.0,0.0,0.0,0.0,0.0,0.0,0.0,0.0,0.0,0.0,0.0,6.082999999999999,183.26,135.90499999999997,126.973,8.106868,138.0
0.0,0.143,0.0,0.0,0.0,0.286,0.0,0.0,0.286,0.0,0.0,0.0,0.0,0.0,0.0,0.0,0.0,0.286,0.0,0.0,0.0,0.0,0.0,0.0,0.0,0.0,0.0,0.0,0.0,0.0,5.863,183.326,135.135,126.55499999999998,7.720855999999999,212.0
0.0,0.2,0.0,0.0,0.0,0.267,0.0,0.0,0.267,0.0,0.0,0.0,0.0,0.0,0.0,0.0,0.0,0.267,0.0,0.0,0.0,0.0,0.0,0.0,0.0,0.0,0.0,0.0,0.0,0.0,5.673,183.38300000000004,134.47000000000003,126.19400000000002,7.387482,385.0
0.0,0.25,0.0,0.0,0.0,0.25,0.0,0.0,0.25,0.0,0.0,0.0,0.0,0.0,0.0,0.0,0.0,0.25,0.0,0.0,0.0,0.0,0.0,0.0,0.0,0.0,0.0,0.0,0.0,0.0,5.5,183.25,133.75,125.75,7.086499999999999,456.0
0.0,0.0,0.0,0.0,0.0,0.333,0.0,0.0,0.333,0.0,0.0,0.0,0.0,0.0,0.0,0.0,0.0,0.333,0.0,0.0,0.0,0.0,0.0,0.0,0.0,0.0,0.0,0.0,0.0,0.0,6.327000000000001,182.817,136.53000000000003,127.20600000000002,8.540118,125.0
0.0,0.059,0.0,0.0,0.0,0.235,0.235,0.0,0.235,0.0,0.0,0.0,0.0,0.0,0.0,0.0,0.0,0.235,0.0,0.0,0.0,0.0,0.0,0.0,0.0,0.0,0.0,0.0,0.0,0.0,6.052,184.286,136.625,129.57399999999998,7.86636,110.0
0.0,0.086,0.0,0.0,0.0,0.229,0.229,0.0,0.229,0.0,0.0,0.0,0.0,0.0,0.0,0.0,0.0,0.229,0.0,0.0,0.0,0.0,0.0,0.0,0.0,0.0,0.0,0.0,0.0,0.0,5.9830000000000005,184.826,136.70000000000002,129.715,7.742484000000001,131.0
0.0,0.111,0.0,0.0,0.0,0.222,0.222,0.0,0.222,0.0,0.0,0.0,0.0,0.0,0.0,0.0,0.0,0.222,0.0,0.0,0.0,0.0,0.0,0.0,0.0,0.0,0.0,0.0,0.0,0.0,5.883,184.26,135.975,129.09300000000002,7.580412000000001,159.0
0.0,0.158,0.0,0.0,0.0,0.211,0.211,0.0,0.211,0.0,0.0,0.0,0.0,0.0,0.0,0.0,0.0,0.211,0.0,0.0,0.0,0.0,0.0,0.0,0.0,0.0,0.0,0.0,0.0,0.0,5.749,184.79,135.8,129.04899999999998,7.346556,388.0
0.0,0.179,0.0,0.0,0.0,0.205,0.205,0.0,0.205,0.0,0.0,0.0,0.0,0.0,0.0,0.0,0.0,0.205,0.0,0.0,0.0,0.0,0.0,0.0,0.0,0.0,0.0,0.0,0.0,0.0,5.661999999999999,184.226,135.125,128.46399999999997,7.206479999999999,538.0
0.0,0.238,0.0,0.0,0.0,0.19,0.19,0.0,0.19,0.0,0.0,0.0,0.0,0.0,0.0,0.0,0.0,0.19,0.0,0.0,0.0,0.0,0.0,0.0,0.0,0.0,0.0,0.0,0.0,0.0,5.464,184.012,134.25,127.788,6.87384,487.0
0.0,0.273,0.0,0.0,0.0,0.182,0.182,0.0,0.182,0.0,0.0,0.0,0.0,0.0,0.0,0.0,0.0,0.182,0.0,0.0,0.0,0.0,0.0,0.0,0.0,0.0,0.0,0.0,0.0,0.0,5.369,184.548,134.225,127.855,6.705972,484.0
0.0,0.333,0.0,0.0,0.0,0.167,0.167,0.0,0.167,0.0,0.0,0.0,0.0,0.0,0.0,0.0,0.0,0.167,0.0,0.0,0.0,0.0,0.0,0.0,0.0,0.0,0.0,0.0,0.0,0.0,5.174,184.51800000000003,133.47500000000002,127.3,6.376032,509.0
0.0,0.2,0.0,0.0,0.0,0.2,0.2,0.0,0.2,0.0,0.0,0.0,0.0,0.0,0.0,0.0,0.0,0.2,0.0,0.0,0.0,0.0,0.0,0.0,0.0,0.0,0.0,0.0,0.0,0.0,5.6000000000000005,184.40000000000003,135.0,128.4,7.099200000000001,484.0
0.0,0.1,0.0,0.0,0.0,0.2,0.2,0.0,0.2,0.0,0.0,0.0,0.0,0.0,0.1,0.0,0.0,0.2,0.0,0.0,0.0,0.0,0.0,0.0,0.0,0.0,0.0,0.0,0.0,0.0,5.900000000000001,186.90000000000003,137.0,131.70000000000002,7.849200000000001,425.0
0.0,0.25,0.0,0.0,0.0,0.167,0.167,0.0,0.167,0.0,0.0,0.0,0.0,0.0,0.083,0.0,0.0,0.167,0.0,0.0,0.0,0.0,0.0,0.0,0.0,0.0,0.0,0.0,0.0,0.0,5.423,186.593,135.135,130.039,6.998532,655.0
0.0,0.308,0.0,0.0,0.0,0.154,0.154,0.0,0.154,0.0,0.0,0.0,0.0,0.0,0.077,0.0,0.0,0.154,0.0,0.0,0.0,0.0,0.0,0.0,0.0,0.0,0.0,0.0,0.0,0.0,5.235999999999999,186.417,134.365,129.36,6.667584000000001,605.0
0.0,0.182,0.0,0.0,0.0,0.182,0.182,0.0,0.182,0.0,0.0,0.0,0.0,0.0,0.091,0.0,0.0,0.182,0.0,0.0,0.0,0.0,0.0,0.0,0.0,0.0,0.0,0.0,0.0,0.0,5.642,186.823,136.04500000000002,130.858,7.388472,715.0
0.0,0.0,0.0,0.0,0.0,0.222,0.222,0.0,0.222,0.0,0.0,0.0,0.0,0.0,0.111,0.0,0.0,0.222,0.0,0.0,0.0,0.0,0.0,0.0,0.0,0.0,0.0,0.0,0.0,0.0,6.216,187.035,138.195,132.756,8.412912,210.0
0.0,0.286,0.0,0.0,0.0,0.143,0.143,0.0,0.143,0.0,0.0,0.0,0.0,0.0,0.0,0.0,0.0,0.143,0.0,0.0,0.0,0.0,0.0,0.0,0.143,0.0,0.0,0.0,0.0,0.0,5.004999999999999,184.899,134.42,131.98899999999998,6.105528,643.0
0.0,0.032,0.0,0.0,0.0,0.242,0.161,0.0,0.161,0.0,0.0,0.0,0.0,0.0,0.0,0.0,0.0,0.242,0.0,0.0,0.0,0.0,0.0,0.0,0.161,0.0,0.0,0.0,0.0,0.0,5.656000000000001,183.568,136.95999999999998,133.763,7.530588,717.0
0.0,0.035,0.0,0.0,0.0,0.263,0.176,0.0,0.176,0.0,0.0,0.0,0.0,0.0,0.0,0.0,0.0,0.263,0.0,0.0,0.0,0.0,0.0,0.0,0.088,0.0,0.0,0.0,0.0,0.0,5.813999999999999,183.669,136.985,131.761,7.808759999999999,487.0
0.0,0.0,0.0,0.0,0.0,0.25,0.167,0.0,0.167,0.0,0.0,0.0,0.0,0.0,0.0,0.0,0.0,0.25,0.0,0.0,0.0,0.0,0.0,0.0,0.167,0.0,0.0,0.0,0.0,0.0,5.756,183.94,137.64,134.477,7.703507999999999,654.0
0.0,0.0,0.0,0.0,0.0,0.273,0.182,0.0,0.182,0.0,0.0,0.0,0.0,0.0,0.0,0.0,0.0,0.273,0.0,0.0,0.0,0.0,0.0,0.0,0.091,0.0,0.0,0.0,0.0,0.0,5.915,183.638,137.41000000000005,132.132,7.995624000000001,509.0
0.0,0.175,0.0,0.0,0.0,0.075,0.25,0.0,0.25,0.0,0.0,0.0,0.0,0.0,0.0,0.0,0.0,0.25,0.0,0.0,0.0,0.0,0.0,0.0,0.0,0.0,0.0,0.0,0.0,0.0,5.199999999999999,183.1,135.75,129.375,7.121,624.0
0.0,0.385,0.0,0.0,0.0,0.154,0.154,0.0,0.154,0.0,0.0,0.0,0.0,0.0,0.0,0.0,0.0,0.154,0.0,0.0,0.0,0.0,0.0,0.0,0.0,0.0,0.0,0.0,0.0,0.0,5.004999999999999,184.492,132.825,126.81900000000002,6.090084,487.0
0.0,0.429,0.0,0.0,0.0,0.143,0.143,0.0,0.143,0.0,0.0,0.0,0.0,0.0,0.0,0.0,0.0,0.143,0.0,0.0,0.0,0.0,0.0,0.0,0.0,0.0,0.0,0.0,0.0,0.0,4.861999999999999,184.47,132.275,126.412,5.848127999999999,506.0
0.0,0.2,0.0,0.0,0.0,0.0,0.2,0.2,0.2,0.0,0.0,0.0,0.0,0.0,0.0,0.0,0.0,0.2,0.0,0.0,0.0,0.0,0.0,0.0,0.0,0.0,0.0,0.0,0.0,0.0,4.000000000000001,174.0,135.0,129.60000000000002,7.1138,342.0
0.0,0.0,0.0,0.0,0.0,0.2,0.2,0.2,0.2,0.0,0.0,0.0,0.0,0.0,0.0,0.0,0.0,0.2,0.0,0.0,0.0,0.0,0.0,0.0,0.0,0.0,0.0,0.0,0.0,0.0,5.200000000000001,175.60000000000002,137.0,130.60000000000002,8.3458,286.0
0.0,0.0,0.0,0.0,0.0,0.0,0.2,0.2,0.2,0.0,0.0,0.0,0.0,0.2,0.0,0.0,0.0,0.2,0.0,0.0,0.0,0.0,0.0,0.0,0.0,0.0,0.0,0.0,0.0,0.0,4.800000000000001,176.60000000000002,138.0,133.20000000000002,8.033800000000001,296.0
0.0,0.0,0.0,0.0,0.0,0.0,0.2,0.2,0.2,0.0,0.0,0.0,0.0,0.0,0.2,0.0,0.0,0.2,0.0,0.0,0.0,0.0,0.0,0.0,0.0,0.0,0.0,0.0,0.0,0.0,4.6000000000000005,179.0,139.0,136.20000000000002,8.613800000000001,263.0
0.0,0.196,0.0,0.0,0.0,0.196,0.196,0.0,0.196,0.0,0.0,0.0,0.0,0.0,0.0,0.02,0.0,0.196,0.0,0.0,0.0,0.0,0.0,0.0,0.0,0.0,0.0,0.0,0.0,0.0,5.588000000000001,184.852,135.2,129.11200000000002,7.128616000000001,569.0
0.0,0.19,0.0,0.0,0.0,0.19,0.19,0.0,0.19,0.0,0.0,0.0,0.0,0.0,0.0,0.048,0.0,0.19,0.0,0.0,0.0,0.0,0.0,0.0,0.0,0.0,0.0,0.0,0.0,0.0,5.560000000000001,185.116,135.21,129.852,7.1556000000000015,668.0
0.0,0.182,0.0,0.0,0.0,0.182,0.182,0.0,0.182,0.0,0.0,0.0,0.0,0.0,0.0,0.091,0.0,0.182,0.0,0.0,0.0,0.0,0.0,0.0,0.0,0.0,0.0,0.0,0.0,0.0,5.551000000000001,186.641,136.04500000000002,131.76799999999997,7.240142,747.0
0.0,0.138,0.0,0.0,0.0,0.172,0.172,0.172,0.172,0.0,0.0,0.0,0.0,0.0,0.0,0.0,0.0,0.172,0.0,0.0,0.0,0.0,0.0,0.0,0.0,0.0,0.0,0.0,0.0,0.0,4.885999999999999,176.408,135.07,129.01399999999998,7.549987999999999,270.0
0.0,0.2,0.0,0.0,0.0,0.1,0.2,0.0,0.2,0.0,0.0,0.0,0.0,0.0,0.1,0.0,0.0,0.2,0.0,0.0,0.0,0.0,0.0,0.0,0.0,0.0,0.0,0.0,0.0,0.0,5.300000000000001,186.1,136.0,131.20000000000002,7.233200000000001,801.0
0.0,0.167,0.0,0.0,0.0,0.25,0.167,0.0,0.167,0.0,0.0,0.0,0.0,0.0,0.083,0.0,0.0,0.167,0.0,0.0,0.0,0.0,0.0,0.0,0.0,0.0,0.0,0.0,0.0,0.0,5.920999999999999,187.257,135.96499999999995,130.454,7.509812,741.0
0.0,0.154,0.0,0.0,0.0,0.308,0.154,0.0,0.154,0.0,0.0,0.0,0.0,0.0,0.077,0.0,0.0,0.154,0.0,0.0,0.0,0.0,0.0,0.0,0.0,0.0,0.0,0.0,0.0,0.0,6.16,187.649,135.905,130.13,7.616224,586.0
0.0,0.196,0.0,0.0,0.0,0.196,0.196,0.0,0.118,0.0,0.0,0.0,0.0,0.0,0.098,0.0,0.0,0.196,0.0,0.0,0.0,0.0,0.0,0.0,0.0,0.0,0.0,0.0,0.0,0.0,5.452000000000001,186.062,135.59,130.628,7.342644,754.0
0.0,0.167,0.0,0.0,0.0,0.167,0.167,0.0,0.25,0.0,0.0,0.0,0.0,0.0,0.083,0.0,0.0,0.167,0.0,0.0,0.0,0.0,0.0,0.0,0.0,0.0,0.0,0.0,0.0,0.0,5.837999999999999,187.423,136.38,130.952,7.427974,635.0
0.0,0.154,0.0,0.0,0.0,0.154,0.154,0.0,0.308,0.0,0.0,0.0,0.0,0.0,0.077,0.0,0.0,0.154,0.0,0.0,0.0,0.0,0.0,0.0,0.0,0.0,0.0,0.0,0.0,0.0,6.005999999999999,187.957,136.67499999999998,131.054,7.464379999999999,639.0
0.0,0.222,0.0,0.0,0.0,0.222,0.222,0.0,0.222,0.0,0.0,0.0,0.0,0.0,0.111,0.0,0.0,0.0,0.0,0.0,0.0,0.0,0.0,0.0,0.0,0.0,0.0,0.0,0.0,0.0,6.438,191.697,135.975,132.09,7.033848,857.0
0.0,0.2,0.0,0.0,0.0,0.2,0.2,0.0,0.2,0.0,0.0,0.0,0.0,0.0,0.1,0.0,0.0,0.1,0.0,0.0,0.0,0.0,0.0,0.0,0.0,0.0,0.0,0.0,0.0,0.0,6.000000000000001,189.00000000000009,136.0,131.4,7.228000000000001,708.0
0.0,0.167,0.0,0.0,0.0,0.167,0.167,0.0,0.167,0.0,0.0,0.0,0.0,0.0,0.083,0.0,0.0,0.25,0.0,0.0,0.0,0.0,0.0,0.0,0.0,0.0,0.0,0.0,0.0,0.0,5.34,184.85,135.965,130.288,7.514127999999999,586.0
0.0,0.154,0.0,0.0,0.0,0.154,0.154,0.0,0.154,0.0,0.0,0.0,0.0,0.0,0.077,0.0,0.0,0.308,0.0,0.0,0.0,0.0,0.0,0.0,0.0,0.0,0.0,0.0,0.0,0.0,5.081999999999999,183.183,135.905,129.822,7.624231999999999,395.0
0.0,0.182,0.0,0.0,0.0,0.182,0.182,0.0,0.182,0.0,0.0,0.0,0.0,0.0,0.0,0.0,0.0,0.182,0.0,0.0,0.0,0.0,0.0,0.0,0.091,0.0,0.0,0.0,0.0,0.0,5.46,184.821,135.59,131.404,6.869772,178.0
0.0,0.125,0.0,0.0,0.0,0.125,0.125,0.0,0.125,0.0,0.0,0.0,0.0,0.0,0.0,0.0,0.0,0.125,0.0,0.0,0.0,0.0,0.0,0.0,0.125,0.125,0.0,0.0,0.0,0.125,4.875,184.25,138.125,141.25,6.5645,780.0
0.0,0.143,0.0,0.0,0.0,0.143,0.0,0.0,0.143,0.0,0.0,0.0,0.0,0.0,0.0,0.0,0.0,0.143,0.0,0.0,0.0,0.0,0.0,0.0,0.143,0.143,0.0,0.0,0.0,0.143,4.718999999999999,183.755,137.995,141.713,6.487337999999999,790.0
0.0,0.167,0.0,0.0,0.0,0.0,0.0,0.0,0.167,0.0,0.0,0.0,0.0,0.0,0.0,0.0,0.0,0.167,0.0,0.0,0.0,0.0,0.0,0.0,0.167,0.167,0.0,0.0,0.0,0.167,4.008,182.531,138.61,144.455,6.096502,800.0
0.0,0.0,0.0,0.0,0.0,0.125,0.125,0.125,0.125,0.0,0.0,0.0,0.0,0.0,0.0,0.0,0.0,0.125,0.0,0.0,0.0,0.0,0.0,0.0,0.125,0.125,0.0,0.0,0.0,0.125,4.625,178.75,139.375,142.625,7.343624999999999,680.0
0.0,0.0,0.0,0.0,0.0,0.125,0.125,0.0,0.125,0.0,0.0,0.0,0.0,0.0,0.125,0.0,0.0,0.125,0.0,0.0,0.0,0.0,0.0,0.0,0.125,0.125,0.0,0.0,0.0,0.125,5.25,187.375,140.625,145.375,7.502,850.0
0.0,0.0,0.0,0.0,0.0,0.143,0.0,0.143,0.143,0.0,0.0,0.0,0.0,0.0,0.0,0.0,0.0,0.143,0.0,0.0,0.0,0.0,0.0,0.0,0.143,0.143,0.0,0.0,0.0,0.143,4.432999999999999,177.463,139.425,143.286,7.378656999999999,630.0
0.0,0.0,0.0,0.0,0.0,0.143,0.0,0.0,0.143,0.0,0.0,0.0,0.0,0.0,0.143,0.0,0.0,0.143,0.0,0.0,0.0,0.0,0.0,0.0,0.143,0.143,0.0,0.0,0.0,0.143,5.147999999999999,187.33,140.855,146.432,7.559837999999999,790.0
0.0,0.0,0.0,0.0,0.0,0.0,0.0,0.167,0.167,0.0,0.0,0.0,0.0,0.0,0.0,0.0,0.0,0.167,0.0,0.0,0.0,0.0,0.0,0.0,0.167,0.167,0.0,0.0,0.0,0.167,3.674,175.18300000000002,140.28000000000003,146.292,7.1374130000000005,590.0
0.0,0.0,0.0,0.0,0.0,0.0,0.0,0.0,0.167,0.0,0.0,0.0,0.0,0.0,0.167,0.0,0.0,0.167,0.0,0.0,0.0,0.0,0.0,0.0,0.167,0.167,0.0,0.0,0.0,0.167,4.509,186.706,141.95000000000002,149.966,7.349002,740.0
0.0,0.02,0.0,0.0,0.0,0.196,0.196,0.0,0.196,0.0,0.0,0.0,0.0,0.196,0.0,0.0,0.0,0.196,0.0,0.0,0.0,0.0,0.0,0.0,0.0,0.0,0.0,0.0,0.0,0.0,6.332000000000001,186.94000000000003,137.74,131.78,7.912816000000001,180.0
0.0,0.038,0.0,0.0,0.0,0.192,0.192,0.0,0.192,0.0,0.0,0.0,0.0,0.192,0.0,0.0,0.0,0.192,0.0,0.0,0.0,0.0,0.0,0.0,0.0,0.0,0.0,0.0,0.0,0.0,6.258,186.512,137.23,131.318,7.801031999999999,171.0
0.0,0.071,0.0,0.0,0.0,0.186,0.186,0.0,0.186,0.0,0.0,0.0,0.0,0.186,0.0,0.0,0.0,0.186,0.0,0.0,0.0,0.0,0.0,0.0,0.0,0.0,0.0,0.0,0.0,0.0,6.164999999999999,186.974,137.21499999999995,131.351,7.649556,182.0
0.0,0.079,0.0,0.0,0.0,0.184,0.184,0.0,0.184,0.0,0.0,0.0,0.0,0.184,0.0,0.0,0.0,0.184,0.0,0.0,0.0,0.0,0.0,0.0,0.0,0.0,0.0,0.0,0.0,0.0,6.125000000000001,186.576,136.835,130.999,7.590964,183.0
0.0,0.089,0.0,0.0,0.0,0.182,0.182,0.0,0.182,0.0,0.0,0.0,0.0,0.182,0.0,0.0,0.0,0.182,0.0,0.0,0.0,0.0,0.0,0.0,0.0,0.0,0.0,0.0,0.0,0.0,6.091,186.546,136.705,130.889,7.537772,220.0
0.0,0.101,0.0,0.0,0.0,0.18,0.18,0.0,0.18,0.0,0.0,0.0,0.0,0.18,0.0,0.0,0.0,0.18,0.0,0.0,0.0,0.0,0.0,0.0,0.0,0.0,0.0,0.0,0.0,0.0,6.063,186.884,136.82500000000002,131.021,7.48998,278.0
0.0,0.11,0.0,0.0,0.0,0.178,0.178,0.0,0.178,0.0,0.0,0.0,0.0,0.178,0.0,0.0,0.0,0.178,0.0,0.0,0.0,0.0,0.0,0.0,0.0,0.0,0.0,0.0,0.0,0.0,6.026,186.67,136.57,130.79,7.434088,405.0
0.0,0.12,0.0,0.0,0.0,0.176,0.176,0.0,0.176,0.0,0.0,0.0,0.0,0.176,0.0,0.0,0.0,0.176,0.0,0.0,0.0,0.0,0.0,0.0,0.0,0.0,0.0,0.0,0.0,0.0,5.992,186.64,136.44,130.68,7.380896,486.0
0.0,0.13,0.0,0.0,0.0,0.174,0.174,0.0,0.174,0.0,0.0,0.0,0.0,0.174,0.0,0.0,0.0,0.174,0.0,0.0,0.0,0.0,0.0,0.0,0.0,0.0,0.0,0.0,0.0,0.0,5.957999999999999,186.61,136.31,130.57,7.327704,530.0
0.0,0.139,0.0,0.0,0.0,0.172,0.172,0.0,0.172,0.0,0.0,0.0,0.0,0.172,0.0,0.0,0.0,0.172,0.0,0.0,0.0,0.0,0.0,0.0,0.0,0.0,0.0,0.0,0.0,0.0,5.921,186.396,136.055,130.339,7.271812,539.0
0.0,0.15,0.0,0.0,0.0,0.17,0.17,0.0,0.17,0.0,0.0,0.0,0.0,0.17,0.0,0.0,0.0,0.17,0.0,0.0,0.0,0.0,0.0,0.0,0.0,0.0,0.0,0.0,0.0,0.0,5.890000000000001,186.55,136.05,130.35000000000002,7.22132,533.0
0.0,0.16,0.0,0.0,0.0,0.168,0.168,0.0,0.168,0.0,0.0,0.0,0.0,0.168,0.0,0.0,0.0,0.168,0.0,0.0,0.0,0.0,0.0,0.0,0.0,0.0,0.0,0.0,0.0,0.0,5.856000000000001,186.52,135.92000000000002,130.24,7.168128000000001,535.0
0.0,0.2,0.0,0.0,0.0,0.16,0.16,0.0,0.16,0.0,0.0,0.0,0.0,0.16,0.0,0.0,0.0,0.16,0.0,0.0,0.0,0.0,0.0,0.0,0.0,0.0,0.0,0.0,0.0,0.0,5.720000000000001,186.40000000000003,135.4,129.8,6.955360000000001,539.0
0.0,0.0,0.0,0.0,0.0,0.2,0.2,0.0,0.2,0.0,0.0,0.0,0.0,0.2,0.0,0.0,0.0,0.2,0.0,0.0,0.0,0.0,0.0,0.0,0.0,0.0,0.0,0.0,0.0,0.0,6.400000000000001,187.00000000000003,138.0,132.0,8.019200000000001,176.0
0.0,0.0,0.0,0.0,0.0,0.19,0.19,0.0,0.19,0.0,0.0,0.0,0.0,0.19,0.0,0.0,0.0,0.19,0.0,0.0,0.0,0.0,0.0,0.0,0.0,0.048,0.0,0.0,0.0,0.0,6.320000000000001,186.242,137.57999999999998,132.744,7.90624,151.0
0.0,0.0,0.0,0.0,0.0,0.182,0.182,0.0,0.182,0.0,0.0,0.0,0.0,0.182,0.0,0.0,0.0,0.182,0.0,0.0,0.0,0.0,0.0,0.0,0.0,0.091,0.0,0.0,0.0,0.0,6.279000000000001,186.459,137.865,134.043,7.843472000000001,186.0
0.0,0.0,0.0,0.0,0.0,0.174,0.174,0.0,0.174,0.0,0.0,0.0,0.0,0.174,0.0,0.0,0.0,0.174,0.0,0.0,0.0,0.0,0.0,0.0,0.0,0.13,0.0,0.0,0.0,0.0,6.218000000000001,185.96,137.61,134.73000000000002,7.756703999999999,380.0
0.0,0.0,0.0,0.0,0.0,0.167,0.167,0.0,0.167,0.0,0.0,0.0,0.0,0.167,0.0,0.0,0.0,0.167,0.0,0.0,0.0,0.0,0.0,0.0,0.0,0.167,0.0,0.0,0.0,0.0,6.178999999999999,186.038,137.775,135.77100000000002,7.698031999999999,636.0
0.0,0.07,0.0,0.0,0.0,0.0,0.233,0.0,0.349,0.0,0.0,0.0,0.0,0.233,0.0,0.0,0.0,0.116,0.0,0.0,0.0,0.0,0.0,0.0,0.0,0.0,0.0,0.0,0.0,0.0,6.263000000000001,189.432,138.51000000000002,133.696,7.337668000000001,297.0
0.0,0.111,0.0,0.0,0.0,0.0,0.222,0.0,0.333,0.0,0.0,0.0,0.0,0.222,0.0,0.0,0.0,0.111,0.0,0.0,0.0,0.0,0.0,0.0,0.0,0.0,0.0,0.0,0.0,0.0,6.105,188.811,137.64,132.86700000000002,7.118874,396.0
0.0,0.25,0.0,0.0,0.0,0.0,0.25,0.0,0.25,0.0,0.0,0.0,0.0,0.0,0.0,0.0,0.0,0.25,0.0,0.0,0.0,0.0,0.0,0.0,0.0,0.0,0.0,0.0,0.0,0.0,4.75,182.5,135.0,129.0,6.659000000000001,472.0
0.0,0.2,0.0,0.0,0.0,0.0,0.2,0.0,0.2,0.0,0.0,0.0,0.0,0.0,0.2,0.0,0.0,0.2,0.0,0.0,0.0,0.0,0.0,0.0,0.0,0.0,0.0,0.0,0.0,0.0,5.000000000000001,187.8,137.0,134.0,7.367199999999999,905.0
0.0,0.238,0.0,0.0,0.0,0.0,0.238,0.0,0.238,0.0,0.0,0.0,0.0,0.0,0.048,0.0,0.0,0.238,0.0,0.0,0.0,0.0,0.0,0.0,0.0,0.0,0.0,0.0,0.0,0.0,4.81,183.772,135.48,130.2,6.828968,549.0
0.0,0.222,0.0,0.0,0.0,0.0,0.222,0.0,0.222,0.0,0.0,0.0,0.0,0.0,0.111,0.0,0.0,0.222,0.0,0.0,0.0,0.0,0.0,0.0,0.0,0.0,0.0,0.0,0.0,0.0,4.884,185.259,135.975,131.64600000000002,7.045392,622.0
0.0,0.208,0.0,0.0,0.0,0.0,0.208,0.0,0.208,0.0,0.0,0.0,0.0,0.0,0.167,0.0,0.0,0.208,0.0,0.0,0.0,0.0,0.0,0.0,0.0,0.0,0.0,0.0,0.0,0.0,4.954000000000001,186.743,136.53500000000005,133.046,7.243688,854.0
0.0,0.07,0.0,0.0,0.0,0.233,0.233,0.233,0.233,0.0,0.0,0.0,0.0,0.0,0.0,0.0,0.0,0.0,0.0,0.0,0.0,0.0,0.0,0.0,0.0,0.0,0.0,0.0,0.0,0.0,5.8020000000000005,179.47500000000002,136.9,131.727,7.835361000000001,180.0
0.0,0.111,0.0,0.0,0.0,0.222,0.222,0.222,0.222,0.0,0.0,0.0,0.0,0.0,0.0,0.0,0.0,0.0,0.0,0.0,0.0,0.0,0.0,0.0,0.0,0.0,0.0,0.0,0.0,0.0,5.6610000000000005,179.15400000000002,135.975,130.86900000000003,7.585074,207.0
0.0,0.167,0.0,0.0,0.0,0.208,0.208,0.208,0.208,0.0,0.0,0.0,0.0,0.0,0.0,0.0,0.0,0.0,0.0,0.0,0.0,0.0,0.0,0.0,0.0,0.0,0.0,0.0,0.0,0.0,5.493,179.44799999999998,135.27499999999998,130.23899999999998,7.276836,271.0
0.0,0.245,0.0,0.0,0.0,0.189,0.189,0.189,0.189,0.0,0.0,0.0,0.0,0.0,0.0,0.0,0.0,0.0,0.0,0.0,0.0,0.0,0.0,0.0,0.0,0.0,0.0,0.0,0.0,0.0,5.271,180.215,134.575,129.626,6.863912999999999,476.0
0.0,0.273,0.0,0.0,0.0,0.182,0.182,0.182,0.182,0.0,0.0,0.0,0.0,0.0,0.0,0.0,0.0,0.0,0.0,0.0,0.0,0.0,0.0,0.0,0.0,0.0,0.0,0.0,0.0,0.0,5.187,180.362,134.225,129.311,6.709794,510.0
0.0,0.31,0.0,0.0,0.0,0.172,0.172,0.172,0.172,0.0,0.0,0.0,0.0,0.0,0.0,0.0,0.0,0.0,0.0,0.0,0.0,0.0,0.0,0.0,0.0,0.0,0.0,0.0,0.0,0.0,5.057999999999999,180.01999999999998,133.35,128.498,6.481524,557.0
0.0,0.333,0.0,0.0,0.0,0.167,0.167,0.167,0.167,0.0,0.0,0.0,0.0,0.0,0.0,0.0,0.0,0.0,0.0,0.0,0.0,0.0,0.0,0.0,0.0,0.0,0.0,0.0,0.0,0.0,5.007,180.677,133.47500000000002,128.63600000000002,6.379539,567.0
0.0,0.365,0.0,0.0,0.0,0.159,0.159,0.159,0.159,0.0,0.0,0.0,0.0,0.0,0.0,0.0,0.0,0.0,0.0,0.0,0.0,0.0,0.0,0.0,0.0,0.0,0.0,0.0,0.0,0.0,4.911,180.845,133.07500000000002,128.276,6.203403,603.0
0.0,0.385,0.0,0.0,0.0,0.154,0.154,0.154,0.154,0.0,0.0,0.0,0.0,0.0,0.0,0.0,0.0,0.0,0.0,0.0,0.0,0.0,0.0,0.0,0.0,0.0,0.0,0.0,0.0,0.0,4.850999999999999,180.95,132.825,128.05100000000002,6.093318,624.0
0.0,0.412,0.0,0.0,0.0,0.147,0.147,0.147,0.147,0.0,0.0,0.0,0.0,0.0,0.0,0.0,0.0,0.0,0.0,0.0,0.0,0.0,0.0,0.0,0.0,0.0,0.0,0.0,0.0,0.0,4.764,180.91299999999995,132.35,127.61499999999998,5.936499,657.0
0.0,0.429,0.0,0.0,0.0,0.143,0.143,0.143,0.143,0.0,0.0,0.0,0.0,0.0,0.0,0.0,0.0,0.0,0.0,0.0,0.0,0.0,0.0,0.0,0.0,0.0,0.0,0.0,0.0,0.0,4.718999999999999,181.181,132.275,127.55599999999998,5.851131,644.0
0.0,0.2,0.0,0.0,0.0,0.2,0.2,0.2,0.2,0.0,0.0,0.0,0.0,0.0,0.0,0.0,0.0,0.0,0.0,0.0,0.0,0.0,0.0,0.0,0.0,0.0,0.0,0.0,0.0,0.0,5.4,179.80000000000004,135.0,130.0,7.103400000000001,407.0
0.0,0.0,0.0,0.0,0.0,0.25,0.25,0.25,0.25,0.0,0.0,0.0,0.0,0.0,0.0,0.0,0.0,0.0,0.0,0.0,0.0,0.0,0.0,0.0,0.0,0.0,0.0,0.0,0.0,0.0,6.0,178.75,137.5,132.25,8.20425,134.0
0.0,0.0,0.0,0.0,0.0,0.222,0.222,0.111,0.222,0.0,0.0,0.0,0.0,0.0,0.0,0.0,0.0,0.222,0.0,0.0,0.0,0.0,0.0,0.0,0.0,0.0,0.0,0.0,0.0,0.0,5.661,179.376,137.08499999999998,130.314,8.272275,172.0
0.0,0.091,0.0,0.0,0.0,0.182,0.182,0.182,0.182,0.0,0.0,0.0,0.0,0.0,0.0,0.0,0.0,0.182,0.0,0.0,0.0,0.0,0.0,0.0,0.0,0.0,0.0,0.0,0.0,0.0,5.005,176.54,136.045,129.857,7.840378,300.0
0.0,0.077,0.0,0.0,0.0,0.154,0.154,0.154,0.154,0.0,0.0,0.0,0.0,0.0,0.0,0.0,0.0,0.154,0.0,0.0,0.0,0.0,0.0,0.0,0.154,0.0,0.0,0.0,0.0,0.0,4.850999999999999,178.178,136.67499999999998,134.519,7.327166,636.0
0.0,0.088,0.0,0.0,0.0,0.175,0.175,0.175,0.175,0.0,0.0,0.0,0.0,0.0,0.0,0.0,0.0,0.175,0.0,0.0,0.0,0.0,0.0,0.0,0.035,0.0,0.0,0.0,0.0,0.0,4.954,176.387,135.775,130.523,7.697675,272.0
0.0,0.085,0.0,0.0,0.0,0.169,0.169,0.169,0.169,0.0,0.0,0.0,0.0,0.0,0.0,0.0,0.0,0.169,0.0,0.0,0.0,0.0,0.0,0.0,0.068,0.0,0.0,0.0,0.0,0.0,4.921,176.738,135.91,131.522,7.587701000000001,321.0
0.0,0.082,0.0,0.0,0.0,0.164,0.164,0.164,0.164,0.0,0.0,0.0,0.0,0.0,0.0,0.0,0.0,0.164,0.0,0.0,0.0,0.0,0.0,0.0,0.098,0.0,0.0,0.0,0.0,0.0,4.902,177.406,136.31,132.69400000000002,7.505955999999999,458.0
0.0,0.079,0.0,0.0,0.0,0.159,0.159,0.159,0.159,0.0,0.0,0.0,0.0,0.0,0.0,0.0,0.0,0.159,0.0,0.0,0.0,0.0,0.0,0.0,0.127,0.0,0.0,0.0,0.0,0.0,4.879,177.88699999999997,136.57000000000002,133.706,7.419711,590.0
0.0,0.075,0.0,0.0,0.0,0.149,0.149,0.149,0.149,0.0,0.0,0.0,0.0,0.0,0.0,0.0,0.0,0.149,0.0,0.0,0.0,0.0,0.0,0.0,0.179,0.0,0.0,0.0,0.0,0.0,4.815,178.095,136.5,135.012,7.225620999999999,646.0
0.0,0.072,0.0,0.0,0.0,0.145,0.145,0.145,0.145,0.0,0.0,0.0,0.0,0.0,0.0,0.0,0.0,0.145,0.0,0.0,0.0,0.0,0.0,0.0,0.203,0.0,0.0,0.0,0.0,0.0,4.798,178.519,136.745,135.877,7.158605,664.0
0.0,0.07,0.0,0.0,0.0,0.141,0.141,0.141,0.141,0.0,0.0,0.0,0.0,0.0,0.0,0.0,0.0,0.141,0.0,0.0,0.0,0.0,0.0,0.0,0.225,0.0,0.0,0.0,0.0,0.0,4.776,178.753,136.83499999999998,136.543,7.085289,657.0
0.0,0.069,0.0,0.0,0.0,0.137,0.137,0.137,0.137,0.0,0.0,0.0,0.0,0.0,0.0,0.0,0.0,0.137,0.0,0.0,0.0,0.0,0.0,0.0,0.246,0.0,0.0,0.0,0.0,0.0,4.753000000000001,178.98400000000004,136.91000000000005,137.17000000000002,7.010173,667.0
0.0,0.067,0.0,0.0,0.0,0.133,0.133,0.133,0.133,0.0,0.0,0.0,0.0,0.0,0.0,0.0,0.0,0.133,0.0,0.0,0.0,0.0,0.0,0.0,0.267,0.0,0.0,0.0,0.0,0.0,4.727,179.031,136.86,137.67600000000002,6.932357,696.0
0.0,0.088,0.0,0.0,0.0,0.175,0.175,0.175,0.175,0.0,0.0,0.0,0.0,0.0,0.0,0.0,0.0,0.175,0.0,0.0,0.0,0.0,0.0,0.0,0.0,0.035,0.0,0.0,0.0,0.0,4.988999999999999,176.107,135.6,130.278,7.750174999999999,204.0
0.0,0.085,0.0,0.0,0.0,0.169,0.169,0.169,0.169,0.0,0.0,0.0,0.0,0.0,0.0,0.0,0.0,0.169,0.0,0.0,0.0,0.0,0.0,0.0,0.0,0.068,0.0,0.0,0.0,0.0,4.989,176.194,135.57,131.046,7.689701,231.0
0.0,0.082,0.0,0.0,0.0,0.164,0.164,0.164,0.164,0.0,0.0,0.0,0.0,0.0,0.0,0.0,0.0,0.164,0.0,0.0,0.0,0.0,0.0,0.0,0.0,0.098,0.0,0.0,0.0,0.0,5.0,176.622,135.82,132.008,7.652956,328.0
0.0,0.079,0.0,0.0,0.0,0.159,0.159,0.159,0.159,0.0,0.0,0.0,0.0,0.0,0.0,0.0,0.0,0.159,0.0,0.0,0.0,0.0,0.0,0.0,0.0,0.127,0.0,0.0,0.0,0.0,5.005999999999999,176.871,135.935,132.81699999999998,7.610211,447.0
0.0,0.077,0.0,0.0,0.0,0.154,0.154,0.154,0.154,0.0,0.0,0.0,0.0,0.0,0.0,0.0,0.0,0.154,0.0,0.0,0.0,0.0,0.0,0.0,0.0,0.154,0.0,0.0,0.0,0.0,5.005,176.946,135.90499999999997,133.441,7.558166,639.0
0.0,0.075,0.0,0.0,0.0,0.149,0.149,0.149,0.149,0.0,0.0,0.0,0.0,0.0,0.0,0.0,0.0,0.149,0.0,0.0,0.0,0.0,0.0,0.0,0.0,0.179,0.0,0.0,0.0,0.0,4.994,176.66299999999998,135.605,133.759,7.494120999999999,579.0
0.0,0.072,0.0,0.0,0.0,0.145,0.145,0.145,0.145,0.0,0.0,0.0,0.0,0.0,0.0,0.0,0.0,0.145,0.0,0.0,0.0,0.0,0.0,0.0,0.0,0.203,0.0,0.0,0.0,0.0,5.001,176.89499999999998,135.73,134.456,7.463104999999999,577.0
0.0,0.07,0.0,0.0,0.0,0.141,0.141,0.141,0.141,0.0,0.0,0.0,0.0,0.0,0.0,0.0,0.0,0.141,0.0,0.0,0.0,0.0,0.0,0.0,0.0,0.225,0.0,0.0,0.0,0.0,5.001,176.953,135.70999999999998,134.96800000000002,7.422788999999998,594.0
0.0,0.069,0.0,0.0,0.0,0.137,0.137,0.137,0.137,0.0,0.0,0.0,0.0,0.0,0.0,0.0,0.0,0.137,0.0,0.0,0.0,0.0,0.0,0.0,0.0,0.246,0.0,0.0,0.0,0.0,4.9990000000000006,177.01600000000002,135.68,135.448,7.379173000000001,597.0
0.0,0.067,0.0,0.0,0.0,0.133,0.133,0.133,0.133,0.0,0.0,0.0,0.0,0.0,0.0,0.0,0.0,0.133,0.0,0.0,0.0,0.0,0.0,0.0,0.0,0.267,0.0,0.0,0.0,0.0,4.994,176.895,135.525,135.80700000000002,7.332857000000001,587.0
0.0,0.167,0.0,0.0,0.0,0.167,0.167,0.167,0.167,0.0,0.0,0.0,0.0,0.0,0.0,0.0,0.0,0.167,0.0,0.0,0.0,0.0,0.0,0.0,0.0,0.0,0.0,0.0,0.0,0.0,4.842999999999999,177.354,135.27,129.258,7.419643000000001,472.0
0.0,0.167,0.0,0.0,0.0,0.167,0.0,0.167,0.167,0.0,0.0,0.0,0.0,0.0,0.0,0.0,0.167,0.167,0.0,0.0,0.0,0.0,0.0,0.0,0.0,0.0,0.0,0.0,0.0,0.0,4.342,184.034,142.78500000000005,139.612,7.396263000000001,578.0
0.0,0.2,0.0,0.0,0.0,0.2,0.0,0.2,0.2,0.0,0.0,0.0,0.0,0.0,0.0,0.0,0.0,0.2,0.0,0.0,0.0,0.0,0.0,0.0,0.0,0.0,0.0,0.0,0.0,0.0,4.6000000000000005,174.60000000000002,134.0,127.0,7.4558,536.0
0.0,0.167,0.0,0.0,0.0,0.167,0.0,0.167,0.167,0.0,0.0,0.0,0.0,0.0,0.0,0.0,0.0,0.167,0.0,0.0,0.0,0.0,0.0,0.0,0.167,0.0,0.0,0.0,0.0,0.0,4.509,177.02,135.27,132.765,6.977093000000001,626.0
0.0,0.167,0.0,0.0,0.0,0.167,0.0,0.167,0.167,0.0,0.0,0.0,0.0,0.0,0.0,0.0,0.0,0.167,0.0,0.0,0.0,0.0,0.0,0.0,0.0,0.0,0.0,0.0,0.0,0.167,4.175,176.853,137.775,135.27,7.314433,472.0
0.0,0.0,0.0,0.0,0.0,0.2,0.0,0.2,0.2,0.0,0.0,0.0,0.0,0.2,0.0,0.0,0.0,0.2,0.0,0.0,0.0,0.0,0.0,0.0,0.0,0.0,0.0,0.0,0.0,0.0,5.400000000000001,177.20000000000002,137.0,130.60000000000002,8.3758,208.0
0.0,0.0,0.0,0.0,0.0,0.199,0.0,0.199,0.199,0.0,0.0,0.0,0.0,0.199,0.0,0.0,0.0,0.199,0.0,0.0,0.0,0.0,0.006,0.0,0.0,0.0,0.0,0.0,0.0,0.0,5.397,177.616,137.18500000000003,130.781,8.377642999999999,192.0
0.0,0.0,0.0,0.0,0.0,0.198,0.0,0.198,0.198,0.0,0.0,0.0,0.0,0.198,0.0,0.0,0.0,0.198,0.0,0.0,0.0,0.0,0.01,0.0,0.0,0.0,0.0,0.0,0.0,0.0,5.386,177.598,137.08,130.684,8.364912,205.0
0.0,0.0,0.0,0.0,0.0,0.197,0.0,0.197,0.197,0.0,0.0,0.0,0.0,0.197,0.0,0.0,0.0,0.197,0.0,0.0,0.0,0.0,0.016,0.0,0.0,0.0,0.0,0.0,0.0,0.0,5.383,178.014,137.265,130.865,8.366755000000001,219.0
0.0,0.0,0.0,0.0,0.0,0.196,0.0,0.196,0.196,0.0,0.0,0.0,0.0,0.196,0.0,0.0,0.0,0.196,0.0,0.0,0.0,0.0,0.02,0.0,0.0,0.0,0.0,0.0,0.0,0.0,5.372000000000001,177.996,137.16,130.768,8.354024,253.0
0.0,0.0,0.0,0.0,0.0,0.192,0.0,0.192,0.192,0.0,0.0,0.0,0.0,0.192,0.0,0.0,0.0,0.192,0.0,0.0,0.0,0.0,0.038,0.0,0.0,0.0,0.0,0.0,0.0,0.0,5.336,178.35799999999998,137.03,130.658,8.317674,319.0
0.0,0.217,0.0,0.0,0.0,0.0,0.217,0.217,0.217,0.0,0.0,0.0,0.0,0.0,0.0,0.0,0.0,0.13,0.0,0.0,0.0,0.0,0.0,0.0,0.0,0.0,0.0,0.0,0.0,0.0,4.166,174.60899999999998,134.73,129.828,6.943129000000001,496.0
0.0,0.208,0.0,0.0,0.0,0.0,0.208,0.208,0.208,0.0,0.0,0.0,0.0,0.0,0.0,0.0,0.0,0.167,0.0,0.0,0.0,0.0,0.0,0.0,0.0,0.0,0.0,0.0,0.0,0.0,4.077999999999999,174.277,134.865,129.70000000000002,7.03296,486.0
0.0,0.192,0.0,0.0,0.0,0.0,0.192,0.192,0.192,0.0,0.0,0.0,0.0,0.0,0.0,0.0,0.0,0.231,0.0,0.0,0.0,0.0,0.0,0.0,0.0,0.0,0.0,0.0,0.0,0.0,3.9180000000000006,173.397,134.865,129.252,7.1768160000000005,407.0
0.0,0.185,0.0,0.0,0.0,0.0,0.185,0.185,0.185,0.0,0.0,0.0,0.0,0.0,0.0,0.0,0.0,0.259,0.0,0.0,0.0,0.0,0.0,0.0,0.0,0.0,0.0,0.0,0.0,0.0,3.848,173.012,134.865,129.05599999999998,7.239753,367.0
0.0,0.225,0.0,0.0,0.0,0.0,0.0,0.2,0.15,0.0,0.0,0.0,0.0,0.0,0.0,0.0,0.0,0.2,0.0,0.0,0.0,0.0,0.0,0.0,0.225,0.0,0.0,0.0,0.0,0.0,3.3750000000000004,173.17499999999998,134.625,134.22500000000002,6.3701,516.0
0.0,0.2,0.0,0.0,0.0,0.0,0.0,0.2,0.2,0.0,0.0,0.0,0.0,0.0,0.0,0.0,0.0,0.2,0.0,0.0,0.0,0.0,0.0,0.0,0.2,0.0,0.0,0.0,0.0,0.0,3.6,173.6,135.0,133.8,6.5838,516.0
0.0,0.25,0.0,0.0,0.0,0.0,0.0,0.25,0.0,0.0,0.0,0.0,0.0,0.0,0.0,0.0,0.0,0.25,0.0,0.0,0.0,0.0,0.0,0.0,0.25,0.0,0.0,0.0,0.0,0.0,2.5,168.5,133.75,134.25,6.26125,537.0
0.0,0.06,0.0,0.0,0.0,0.0,0.0,0.0,0.0,0.0,0.0,0.0,0.0,0.0,0.0,0.2,0.0,0.0,0.0,0.0,0.0,0.0,0.0,0.16,0.28,0.04,0.0,0.0,0.0,0.26,3.82,195.04,144.6,163.68,7.6952,500.0
0.0,0.06,0.0,0.0,0.0,0.0,0.0,0.0,0.0,0.0,0.0,0.0,0.0,0.0,0.0,0.2,0.0,0.0,0.0,0.0,0.0,0.0,0.0,0.2,0.28,0.0,0.0,0.0,0.0,0.26,3.82,196.56000000000003,145.0,164.36,8.1112,490.0
0.0,0.08,0.0,0.0,0.0,0.0,0.0,0.0,0.0,0.0,0.12,0.0,0.0,0.0,0.0,0.2,0.0,0.0,0.0,0.0,0.0,0.0,0.0,0.2,0.2,0.0,0.0,0.0,0.0,0.2,3.92,199.56000000000003,145.6,164.48000000000002,9.01,500.0
0.0,0.1,0.0,0.0,0.0,0.0,0.0,0.0,0.0,0.0,0.0,0.0,0.0,0.0,0.0,0.2,0.0,0.0,0.0,0.0,0.0,0.0,0.0,0.16,0.3,0.04,0.0,0.0,0.0,0.2,3.9,194.98,143.1,161.22,7.502,530.0
0.0,0.2,0.0,0.0,0.0,0.0,0.0,0.0,0.0,0.0,0.0,0.0,0.0,0.0,0.1,0.2,0.0,0.0,0.0,0.0,0.0,0.0,0.0,0.1,0.2,0.0,0.0,0.0,0.0,0.2,3.9,195.4,142.0,156.4,7.118,591.0
0.0,0.2,0.0,0.0,0.0,0.0,0.0,0.0,0.0,0.0,0.0,0.0,0.0,0.0,0.0,0.3,0.0,0.0,0.0,0.0,0.0,0.0,0.0,0.1,0.3,0.0,0.0,0.0,0.0,0.1,4.0,195.3,140.5,155.9,6.753,408.0
0.0,0.057,0.0,0.0,0.0,0.0,0.0,0.0,0.0,0.0,0.189,0.0,0.0,0.0,0.0,0.189,0.0,0.0,0.0,0.0,0.0,0.0,0.0,0.189,0.189,0.0,0.0,0.0,0.0,0.189,3.951000000000001,201.189,146.985,166.413,9.46971,353.0
0.0,0.091,0.0,0.0,0.0,0.0,0.0,0.0,0.0,0.0,0.182,0.0,0.0,0.0,0.0,0.182,0.0,0.0,0.0,0.0,0.0,0.0,0.0,0.182,0.182,0.0,0.0,0.0,0.0,0.182,3.913,200.382,146.055,164.619,9.21648,396.0
0.0,0.13,0.0,0.0,0.0,0.0,0.0,0.0,0.0,0.0,0.174,0.0,0.0,0.0,0.0,0.174,0.0,0.0,0.0,0.0,0.0,0.0,0.0,0.174,0.174,0.0,0.0,0.0,0.0,0.174,3.869999999999999,199.486,145.01,162.58599999999998,8.92746,427.0
0.0,0.167,0.0,0.0,0.0,0.0,0.0,0.0,0.0,0.0,0.167,0.0,0.0,0.0,0.0,0.167,0.0,0.0,0.0,0.0,0.0,0.0,0.0,0.167,0.167,0.0,0.0,0.0,0.0,0.167,3.841,199.231,144.455,161.155,8.68233,441.0
0.0,0.0,0.0,0.0,0.0,0.0,0.0,0.0,0.0,0.0,0.2,0.0,0.0,0.0,0.0,0.2,0.0,0.0,0.0,0.0,0.0,0.0,0.0,0.2,0.2,0.0,0.0,0.0,0.0,0.2,4.0,201.80000000000004,148.0,168.8,9.858,295.0
0.0,0.059,0.0,0.0,0.0,0.0,0.0,0.0,0.0,0.0,0.0,0.0,0.0,0.0,0.235,0.235,0.0,0.0,0.0,0.0,0.0,0.0,0.0,0.0,0.235,0.235,0.0,0.0,0.0,0.0,4.877,194.626,140.14999999999998,155.42399999999998,7.037749999999999,460.0
0.0,0.111,0.0,0.0,0.0,0.0,0.0,0.0,0.0,0.0,0.0,0.0,0.0,0.0,0.222,0.222,0.0,0.0,0.0,0.0,0.0,0.0,0.0,0.0,0.222,0.222,0.0,0.0,0.0,0.0,4.773000000000001,194.028,139.305,153.513,6.79764,487.0
0.0,0.158,0.0,0.0,0.0,0.0,0.0,0.0,0.0,0.0,0.0,0.0,0.0,0.0,0.211,0.211,0.0,0.0,0.0,0.0,0.0,0.0,0.0,0.0,0.211,0.211,0.0,0.0,0.0,0.0,4.694,194.074,138.96499999999995,152.259,6.60257,517.0
0.0,0.2,0.0,0.0,0.0,0.0,0.0,0.0,0.0,0.0,0.0,0.0,0.0,0.0,0.2,0.2,0.0,0.0,0.0,0.0,0.0,0.0,0.0,0.0,0.2,0.2,0.0,0.0,0.0,0.0,4.6000000000000005,193.2,138.0,150.4,6.394,537.0
0.0,0.0,0.0,0.0,0.0,0.0,0.0,0.0,0.0,0.0,0.0,0.0,0.0,0.0,0.25,0.25,0.0,0.0,0.0,0.0,0.0,0.0,0.0,0.0,0.25,0.25,0.0,0.0,0.0,0.0,5.0,195.5,141.25,157.75,7.3175,441.0
0.0,0.25,0.0,0.0,0.0,0.0,0.0,0.0,0.0,0.0,0.0,0.0,0.0,0.0,0.0,0.25,0.0,0.0,0.0,0.0,0.0,0.0,0.0,0.0,0.25,0.25,0.0,0.0,0.0,0.0,4.25,189.25,136.25,149.5,5.4425,448.0
0.0,0.0,0.0,0.0,0.0,0.0,0.2,0.0,0.0,0.0,0.0,0.0,0.0,0.0,0.1,0.2,0.0,0.0,0.0,0.0,0.0,0.0,0.0,0.1,0.2,0.0,0.0,0.0,0.0,0.2,4.5,196.40000000000003,145.0,160.0,8.008000000000001,540.0
0.0,0.0,0.0,0.0,0.0,0.0,0.2,0.0,0.0,0.0,0.0,0.0,0.0,0.0,0.0,0.2,0.0,0.0,0.0,0.0,0.0,0.0,0.0,0.0,0.2,0.2,0.0,0.0,0.0,0.2,4.4,189.6,143.0,158.20000000000002,6.548000000000001,482.0
0.0,0.0,0.0,0.0,0.0,0.0,0.25,0.0,0.0,0.0,0.0,0.0,0.0,0.0,0.0,0.25,0.0,0.0,0.0,0.0,0.0,0.0,0.0,0.0,0.25,0.0,0.0,0.0,0.0,0.25,4.25,192.25,145.0,159.5,6.6850000000000005,418.0
0.0,0.0,0.0,0.0,0.0,0.0,0.0,0.0,0.0,0.0,0.0,0.0,0.0,0.0,0.0,0.2,0.0,0.0,0.0,0.0,0.0,0.0,0.0,0.0,0.2,0.4,0.0,0.0,0.0,0.2,4.2,187.6,142.0,161.0,6.3180000000000005,304.0
0.0,0.0,0.0,0.0,0.0,0.0,0.0,0.0,0.0,0.0,0.0,0.0,0.0,0.0,0.0,0.25,0.0,0.0,0.0,0.0,0.0,0.0,0.0,0.0,0.25,0.25,0.0,0.0,0.0,0.25,4.0,189.75,143.75,163.0,6.3975,335.0
0.0,0.0,0.0,0.0,0.0,0.0,0.0,0.0,0.0,0.0,0.19,0.0,0.0,0.0,0.048,0.19,0.0,0.0,0.0,0.0,0.0,0.0,0.0,0.19,0.19,0.0,0.0,0.0,0.0,0.19,4.088,201.742,147.56,167.752,9.8547,395.0
0.0,0.0,0.0,0.0,0.0,0.0,0.0,0.0,0.0,0.0,0.182,0.0,0.0,0.0,0.091,0.182,0.0,0.0,0.0,0.0,0.0,0.0,0.0,0.182,0.182,0.0,0.0,0.0,0.0,0.182,4.186,202.657,147.875,167.622,9.89898,480.0
0.0,0.0,0.0,0.0,0.0,0.0,0.0,0.0,0.0,0.0,0.174,0.0,0.0,0.0,0.13,0.174,0.0,0.0,0.0,0.0,0.0,0.0,0.0,0.174,0.174,0.0,0.0,0.0,0.0,0.174,4.26,202.736,147.61,166.87599999999998,9.90246,492.0
0.0,0.0,0.0,0.0,0.0,0.0,0.0,0.0,0.0,0.0,0.167,0.0,0.0,0.0,0.167,0.167,0.0,0.0,0.0,0.0,0.0,0.0,0.0,0.167,0.167,0.0,0.0,0.0,0.0,0.167,4.342,203.406,147.79500000000002,166.66600000000005,9.93483,505.0
0.0,0.0,0.0,0.0,0.0,0.0,0.0,0.0,0.0,0.0,0.2,0.0,0.0,0.0,0.2,0.0,0.0,0.0,0.0,0.0,0.0,0.0,0.0,0.2,0.2,0.0,0.0,0.0,0.0,0.2,4.2,202.2,148.0,166.8,10.184,542.0
0.0,0.0,0.0,0.0,0.0,0.0,0.0,0.0,0.0,0.0,0.125,0.0,0.0,0.0,0.0,0.125,0.0,0.0,0.0,0.0,0.0,0.0,0.0,0.125,0.375,0.0,0.0,0.0,0.0,0.25,3.75,196.125,146.875,167.375,8.10125,301.0
0.0,0.0,0.0,0.0,0.0,0.0,0.0,0.0,0.0,0.0,0.0,0.0,0.0,0.0,0.25,0.25,0.0,0.0,0.0,0.0,0.0,0.0,0.0,0.25,0.0,0.25,0.0,0.0,0.0,0.0,5.25,203.0,142.5,160.25,10.2925,504.0
0.0,0.0,0.0,0.0,0.0,0.0,0.0,0.0,0.0,0.0,0.0,0.0,0.0,0.0,0.2,0.2,0.0,0.0,0.0,0.0,0.0,0.0,0.0,0.2,0.0,0.2,0.2,0.0,0.0,0.0,5.4,204.40000000000003,141.0,160.6,12.094,536.0
0.0,0.0,0.0,0.0,0.0,0.0,0.0,0.0,0.0,0.0,0.0,0.0,0.0,0.0,0.25,0.25,0.0,0.0,0.0,0.0,0.0,0.0,0.0,0.25,0.0,0.0,0.25,0.0,0.0,0.0,5.5,210.75,142.5,162.5,13.6175,454.0
0.0,0.0,0.0,0.0,0.0,0.238,0.0,0.0,0.238,0.0,0.0,0.0,0.0,0.0,0.048,0.0,0.0,0.238,0.0,0.0,0.0,0.0,0.0,0.0,0.0,0.238,0.0,0.0,0.0,0.0,5.999999999999999,183.296,136.67,134.72199999999998,8.021348,267.0
0.0,0.0,0.0,0.0,0.0,0.227,0.0,0.0,0.227,0.0,0.0,0.0,0.0,0.0,0.091,0.0,0.0,0.227,0.0,0.0,0.0,0.0,0.0,0.0,0.0,0.227,0.0,0.0,0.0,0.0,5.994,184.275,136.91,135.459,8.111842,402.0
0.0,0.0,0.0,0.0,0.0,0.217,0.0,0.0,0.217,0.0,0.0,0.0,0.0,0.0,0.13,0.0,0.0,0.217,0.0,0.0,0.0,0.0,0.0,0.0,0.0,0.217,0.0,0.0,0.0,0.0,5.988,185.146,137.11499999999998,136.115,8.193182,557.0
0.0,0.0,0.0,0.0,0.0,0.208,0.0,0.0,0.208,0.0,0.0,0.0,0.0,0.0,0.167,0.0,0.0,0.208,0.0,0.0,0.0,0.0,0.0,0.0,0.0,0.208,0.0,0.0,0.0,0.0,5.994,186.327,137.575,136.998,8.285768,606.0
0.0,0.0,0.0,0.0,0.0,0.192,0.0,0.0,0.192,0.0,0.0,0.0,0.0,0.0,0.192,0.0,0.0,0.231,0.0,0.0,0.0,0.0,0.0,0.0,0.0,0.192,0.0,0.0,0.0,0.0,5.838,186.261,137.745,137.12400000000002,8.382000000000001,602.0
0.0,0.0,0.0,0.0,0.0,0.185,0.0,0.0,0.185,0.0,0.0,0.0,0.0,0.0,0.185,0.0,0.0,0.259,0.0,0.0,0.0,0.0,0.0,0.0,0.0,0.185,0.0,0.0,0.0,0.0,5.698,185.407,137.64,136.64100000000002,8.400998,538.0
0.0,0.0,0.0,0.0,0.0,0.179,0.0,0.0,0.179,0.0,0.0,0.0,0.0,0.0,0.179,0.0,0.0,0.286,0.0,0.0,0.0,0.0,0.0,0.0,0.0,0.179,0.0,0.0,0.0,0.0,5.583999999999999,185.164,137.95499999999998,136.599,8.444018,520.0
0.0,0.0,0.0,0.0,0.0,0.172,0.0,0.0,0.172,0.0,0.0,0.0,0.0,0.0,0.172,0.0,0.0,0.31,0.0,0.0,0.0,0.0,0.0,0.0,0.0,0.172,0.0,0.0,0.0,0.0,5.436,183.658,137.31,135.62,8.427368,510.0
0.0,0.0,0.0,0.0,0.0,0.167,0.0,0.0,0.167,0.0,0.0,0.0,0.0,0.0,0.167,0.0,0.0,0.333,0.0,0.0,0.0,0.0,0.0,0.0,0.0,0.167,0.0,0.0,0.0,0.0,5.3420000000000005,183.537,137.64,135.647,8.467674,382.0
0.0,0.0,0.0,0.0,0.0,0.2,0.0,0.0,0.2,0.0,0.0,0.0,0.0,0.0,0.2,0.0,0.0,0.2,0.0,0.0,0.0,0.0,0.0,0.0,0.0,0.2,0.0,0.0,0.0,0.0,6.0,187.40000000000003,138.0,137.8,8.369200000000001,625.0
0.0,0.0,0.0,0.0,0.0,0.25,0.0,0.0,0.25,0.0,0.0,0.0,0.0,0.0,0.0,0.0,0.0,0.25,0.0,0.0,0.0,0.0,0.0,0.0,0.0,0.25,0.0,0.0,0.0,0.0,6.0,182.0,136.25,133.75,7.9115,238.0
0.0,0.036,0.0,0.0,0.0,0.0,0.0,0.321,0.0,0.0,0.0,0.0,0.0,0.321,0.0,0.0,0.0,0.321,0.0,0.0,0.0,0.0,0.0,0.0,0.0,0.0,0.0,0.0,0.0,0.0,3.318,167.124,136.11,131.151,8.168745,241.0
0.0,0.0,0.0,0.0,0.0,0.0,0.0,0.321,0.0,0.0,0.0,0.0,0.0,0.321,0.0,0.0,0.0,0.321,0.0,0.0,0.0,0.0,0.036,0.0,0.0,0.0,0.0,0.0,0.0,0.0,3.354,168.312,136.83,131.799,8.333877,318.0
0.0,0.017,0.0,0.0,0.0,0.0,0.0,0.328,0.0,0.0,0.0,0.0,0.0,0.328,0.0,0.0,0.0,0.328,0.0,0.0,0.0,0.0,0.0,0.0,0.0,0.0,0.0,0.0,0.0,0.0,3.3310000000000004,167.128,136.60500000000002,131.617,8.29346,166.0
0.0,0.0,0.0,0.0,0.0,0.0,0.0,0.328,0.0,0.0,0.0,0.0,0.0,0.328,0.0,0.0,0.0,0.328,0.0,0.0,0.0,0.0,0.017,0.0,0.0,0.0,0.0,0.0,0.0,0.0,3.3480000000000003,167.68900000000002,136.945,131.923,8.371439,205.0
0.0,0.0,0.0,0.0,0.0,0.0,0.24,0.0,0.0,0.0,0.0,0.0,0.0,0.0,0.0,0.0,0.0,0.0,0.0,0.0,0.0,0.0,0.0,0.24,0.041,0.24,0.24,0.0,0.0,0.0,5.444,198.467,138.94,156.32,11.908499999999998,715.0
0.0,0.0,0.0,0.0,0.0,0.0,0.233,0.0,0.0,0.0,0.0,0.0,0.0,0.0,0.0,0.0,0.0,0.0,0.0,0.0,0.0,0.0,0.0,0.233,0.07,0.233,0.233,0.0,0.0,0.0,5.406,198.325,139.115,156.592,11.69705,780.0
0.0,0.0,0.0,0.0,0.0,0.0,0.25,0.0,0.0,0.0,0.0,0.0,0.0,0.0,0.0,0.0,0.0,0.0,0.0,0.0,0.0,0.0,0.0,0.25,0.0,0.25,0.25,0.0,0.0,0.0,5.5,198.75,138.75,156.0,12.2125,715.0
0.0,0.0,0.0,0.0,0.0,0.0,0.0,0.0,0.0,0.0,0.25,0.0,0.0,0.0,0.0,0.25,0.0,0.0,0.0,0.0,0.0,0.0,0.0,0.25,0.0,0.0,0.0,0.0,0.0,0.25,4.0,205.5,150.0,171.0,11.1975,571.0
0.0,0.0,0.0,0.0,0.0,0.0,0.0,0.0,0.0,0.0,0.0,0.0,0.0,0.0,0.235,0.235,0.0,0.0,0.0,0.0,0.0,0.0,0.0,0.235,0.059,0.0,0.235,0.0,0.0,0.0,5.406,209.138,142.20999999999998,162.18999999999997,13.065949999999996,478.3
0.0,0.0,0.0,0.0,0.0,0.0,0.0,0.0,0.0,0.0,0.0,0.0,0.0,0.0,0.222,0.222,0.0,0.0,0.0,0.0,0.0,0.0,0.0,0.222,0.111,0.0,0.222,0.0,0.0,0.0,5.328,207.903,142.07999999999998,162.06,12.591839999999998,481.2
0.0,0.0,0.0,0.0,0.0,0.0,0.0,0.0,0.0,0.0,0.0,0.0,0.0,0.0,0.211,0.211,0.0,0.0,0.0,0.0,0.0,0.0,0.0,0.211,0.158,0.0,0.211,0.0,0.0,0.0,5.274,207.419,142.39,162.43,12.20417,495.6
0.0,0.0,0.0,0.0,0.0,0.0,0.0,0.0,0.0,0.0,0.0,0.0,0.0,0.0,0.2,0.2,0.0,0.0,0.0,0.0,0.0,0.0,0.0,0.2,0.2,0.0,0.2,0.0,0.0,0.0,5.2,206.00000000000003,142.0,162.0,11.794,507.5
0.0,0.08,0.0,0.0,0.0,0.17,0.17,0.08,0.17,0.0,0.0,0.0,0.0,0.0,0.0,0.0,0.0,0.33,0.0,0.0,0.0,0.0,0.0,0.0,0.0,0.0,0.0,0.0,0.0,0.0,4.890000000000001,177.46,135.9,128.65000000000003,7.931880000000001,168.0
0.0,0.08,0.0,0.0,0.0,0.17,0.14,0.08,0.17,0.0,0.0,0.0,0.0,0.0,0.001,0.0,0.0,0.349,0.0,0.0,0.0,0.0,0.0,0.0,0.01,0.0,0.001,0.0,0.0,0.0,4.800000000000001,177.17600000000002,135.945,128.752,7.961208000000001,231.0
0.0,0.1,0.0,0.0,0.0,0.25,0.08,0.0,0.15,0.0,0.0,0.0,0.0,0.0,0.0,0.0,0.0,0.36,0.0,0.0,0.0,0.0,0.0,0.0,0.06,0.0,0.0,0.0,0.0,0.0,5.19,180.52,135.45000000000002,128.76,7.716419999999999,343.0
0.0,0.057,0.0,0.0,0.0,0.189,0.189,0.0,0.189,0.0,0.0,0.0,0.0,0.189,0.0,0.0,0.0,0.189,0.0,0.0,0.0,0.0,0.0,0.0,0.0,0.0,0.0,0.0,0.0,0.0,6.219000000000001,187.203,137.53500000000005,131.637,7.732044,511.0
0.0,0.091,0.0,0.0,0.0,0.182,0.182,0.0,0.182,0.0,0.0,0.0,0.0,0.182,0.0,0.0,0.0,0.182,0.0,0.0,0.0,0.0,0.0,0.0,0.0,0.0,0.0,0.0,0.0,0.0,6.097,186.914,136.955,131.131,7.543172,553.0
0.0,0.123,0.0,0.0,0.0,0.175,0.175,0.0,0.175,0.0,0.0,0.0,0.0,0.175,0.0,0.0,0.0,0.175,0.0,0.0,0.0,0.0,0.0,0.0,0.0,0.0,0.0,0.0,0.0,0.0,5.968999999999999,186.257,136.125,130.38299999999998,7.3489,622.0
0.0,0.167,0.0,0.0,0.0,0.167,0.167,0.0,0.167,0.0,0.0,0.0,0.0,0.167,0.0,0.0,0.0,0.167,0.0,0.0,0.0,0.0,0.0,0.0,0.0,0.0,0.0,0.0,0.0,0.0,5.845,186.873,136.10500000000002,130.427,7.1469320000000005,684.0
0.0,0.13,0.0,0.0,0.0,0.217,0.217,0.0,0.217,0.0,0.0,0.0,0.0,0.0,0.0,0.0,0.0,0.217,0.0,0.0,0.0,0.0,0.0,0.0,0.0,0.0,0.0,0.0,0.0,0.0,5.815,184.066,135.6,128.787,7.467732,228.0
0.0,0.184,0.0,0.0,0.0,0.204,0.204,0.0,0.204,0.0,0.0,0.0,0.0,0.0,0.0,0.0,0.0,0.204,0.0,0.0,0.0,0.0,0.0,0.0,0.0,0.0,0.0,0.0,0.0,0.0,5.652,184.408,135.2,128.54799999999997,7.187183999999999,511.0
0.0,0.167,0.0,0.0,0.0,0.185,0.185,0.0,0.185,0.0,0.0,0.0,0.0,0.0,0.0,0.0,0.0,0.185,0.0,0.0,0.0,0.0,0.0,0.0,0.093,0.0,0.0,0.0,0.0,0.0,5.498,184.649,135.64499999999998,131.472,6.93666,623.0
0.0,0.25,0.0,0.0,0.0,0.25,0.25,0.0,0.0,0.0,0.0,0.0,0.0,0.0,0.0,0.0,0.0,0.25,0.0,0.0,0.0,0.0,0.0,0.0,0.0,0.0,0.0,0.0,0.0,0.0,5.0,182.0,133.75,127.5,6.9055,1183.0
0.0,0.0,0.0,0.0,0.0,0.0,0.167,0.0,0.0,0.0,0.0,0.0,0.0,0.0,0.167,0.167,0.0,0.0,0.0,0.0,0.0,0.0,0.0,0.167,0.0,0.167,0.167,0.0,0.0,0.0,5.511,202.237,141.115,157.31400000000002,11.292540000000002,1072.0
0.0,0.231,0.0,0.0,0.0,0.154,0.154,0.154,0.154,0.0,0.0,0.0,0.0,0.0,0.0,0.0,0.0,0.154,0.0,0.0,0.0,0.0,0.0,0.0,0.0,0.0,0.0,0.0,0.0,0.0,4.696999999999999,177.716,134.36499999999998,128.513,7.049966,498.0
0.0,0.34,0.0,0.0,0.0,0.17,0.34,0.0,0.05,0.0,0.0,0.0,0.0,0.0,0.0,0.0,0.0,0.1,0.0,0.0,0.0,0.0,0.0,0.0,0.0,0.0,0.0,0.0,0.0,0.0,5.19,185.46000000000004,133.55,128.82,6.140100000000001,699.0
0.0,0.47,0.0,0.0,0.0,0.14,0.15,0.05,0.13,0.0,0.0,0.0,0.0,0.0,0.0,0.0,0.0,0.06,0.0,0.0,0.0,0.0,0.0,0.0,0.0,0.0,0.0,0.0,0.0,0.0,4.779999999999999,183.71,131.70000000000002,126.55999999999996,5.58689,728.0
0.0,0.38,0.0,0.0,0.0,0.11,0.06,0.09,0.31,0.0,0.0,0.0,0.0,0.0,0.0,0.0,0.0,0.05,0.0,0.0,0.0,0.0,0.0,0.0,0.0,0.0,0.0,0.0,0.0,0.0,5.159999999999999,183.27,133.05,127.18,6.12011,604.0
0.0,0.36,0.0,0.0,0.0,0.1,0.31,0.06,0.09,0.0,0.0,0.0,0.0,0.0,0.0,0.0,0.0,0.08,0.0,0.0,0.0,0.0,0.0,0.0,0.0,0.0,0.0,0.0,0.0,0.0,4.78,182.93,133.4,128.97,6.032100000000001,790.0
0.0,0.43,0.0,0.0,0.0,0.17,0.15,0.0,0.14,0.0,0.0,0.0,0.0,0.0,0.0,0.0,0.0,0.11,0.0,0.0,0.0,0.0,0.0,0.0,0.0,0.0,0.0,0.0,0.0,0.0,5.06,185.2,132.15,126.42,5.82238,806.0
0.0,0.47,0.0,0.0,0.0,0.12,0.12,0.05,0.13,0.0,0.0,0.0,0.0,0.0,0.0,0.0,0.0,0.11,0.0,0.0,0.0,0.0,0.0,0.0,0.0,0.0,0.0,0.0,0.0,0.0,4.52,182.35,131.55,126.06999999999998,5.640789999999999,811.0
0.0,0.43,0.0,0.0,0.0,0.19,0.19,0.0,0.11,0.0,0.0,0.0,0.0,0.0,0.0,0.0,0.0,0.08,0.0,0.0,0.0,0.0,0.0,0.0,0.0,0.0,0.0,0.0,0.0,0.0,5.18,185.89,132.20000000000002,126.82,5.782,855.0
0.0,0.39,0.0,0.0,0.0,0.1,0.31,0.05,0.08,0.0,0.0,0.0,0.0,0.0,0.0,0.0,0.0,0.07,0.0,0.0,0.0,0.0,0.0,0.0,0.0,0.0,0.0,0.0,0.0,0.0,4.76,183.48,133.04999999999998,128.72,5.855910000000001,802.0
0.0,0.47,0.0,0.0,0.0,0.13,0.13,0.05,0.12,0.0,0.0,0.0,0.0,0.0,0.0,0.0,0.0,0.1,0.0,0.0,0.0,0.0,0.0,0.0,0.0,0.0,0.0,0.0,0.0,0.0,4.57,182.59,131.55,126.16,5.633030000000001,799.0
0.0,0.43,0.0,0.0,0.0,0.2,0.22,0.0,0.08,0.0,0.0,0.0,0.0,0.0,0.0,0.0,0.0,0.07,0.0,0.0,0.0,0.0,0.0,0.0,0.0,0.0,0.0,0.0,0.0,0.0,5.19,186.03,132.2,127.05,5.759760000000001,857.0
0.0,0.47,0.0,0.0,0.0,0.14,0.19,0.05,0.1,0.0,0.0,0.0,0.0,0.0,0.0,0.0,0.0,0.05,0.0,0.0,0.0,0.0,0.0,0.0,0.0,0.0,0.0,0.0,0.0,0.0,4.759999999999999,183.82,131.75,126.92,5.547549999999999,855.0
0.0,0.43,0.0,0.0,0.0,0.2,0.19,0.0,0.09,0.0,0.0,0.0,0.0,0.0,0.0,0.0,0.0,0.09,0.0,0.0,0.0,0.0,0.0,0.0,0.0,0.0,0.0,0.0,0.0,0.0,5.129999999999999,185.56,132.1,126.68,5.80224,816.0
0.0,0.46,0.0,0.0,0.0,0.14,0.23,0.05,0.07,0.0,0.0,0.0,0.0,0.0,0.0,0.0,0.0,0.05,0.0,0.0,0.0,0.0,0.0,0.0,0.0,0.0,0.0,0.0,0.0,0.0,4.73,183.72,131.9,127.31,5.57033,811.0
0.0,0.44,0.0,0.0,0.0,0.14,0.22,0.05,0.09,0.0,0.0,0.0,0.0,0.0,0.0,0.0,0.0,0.06,0.0,0.0,0.0,0.0,0.0,0.0,0.0,0.0,0.0,0.0,0.0,0.0,4.79,183.66,132.15,127.37999999999998,5.69143,790.0
0.0,0.43,0.0,0.0,0.0,0.19,0.24,0.0,0.08,0.0,0.0,0.0,0.0,0.0,0.0,0.0,0.0,0.06,0.0,0.0,0.0,0.0,0.0,0.0,0.0,0.0,0.0,0.0,0.0,0.0,5.2,186.26,132.3,127.33,5.725040000000001,855.0
0.0,0.43,0.0,0.0,0.0,0.18,0.24,0.0,0.1,0.0,0.0,0.0,0.0,0.0,0.0,0.0,0.0,0.05,0.0,0.0,0.0,0.0,0.0,0.0,0.0,0.0,0.0,0.0,0.0,0.0,5.25,186.59,132.4,127.47,5.7048,856.0
0.0,0.47,0.0,0.0,0.0,0.14,0.2,0.05,0.09,0.0,0.0,0.0,0.0,0.0,0.0,0.0,0.0,0.05,0.0,0.0,0.0,0.0,0.0,0.0,0.0,0.0,0.0,0.0,0.0,0.0,4.739999999999999,183.77,131.75,126.98999999999998,5.54031,859.0
0.0,0.43,0.0,0.0,0.0,0.24,0.22,0.0,0.05,0.0,0.0,0.0,0.0,0.0,0.0,0.0,0.0,0.06,0.0,0.0,0.0,0.0,0.0,0.0,0.0,0.0,0.0,0.0,0.0,0.0,5.29,186.26,132.05,126.89,5.78882,875.0
0.0,0.43,0.0,0.0,0.0,0.25,0.22,0.0,0.05,0.0,0.0,0.0,0.0,0.0,0.0,0.0,0.0,0.05,0.0,0.0,0.0,0.0,0.0,0.0,0.0,0.0,0.0,0.0,0.0,0.0,5.359999999999999,186.55,132.05,126.91,5.7883,865.0
0.0,0.43,0.0,0.0,0.0,0.24,0.23,0.0,0.05,0.0,0.0,0.0,0.0,0.0,0.0,0.0,0.0,0.05,0.0,0.0,0.0,0.0,0.0,0.0,0.0,0.0,0.0,0.0,0.0,0.0,5.33,186.52,132.10000000000002,127.04,5.771199999999999,868.0
0.0,0.43,0.0,0.0,0.0,0.23,0.21,0.0,0.08,0.0,0.0,0.0,0.0,0.0,0.0,0.0,0.0,0.05,0.0,0.0,0.0,0.0,0.0,0.0,0.0,0.0,0.0,0.0,0.0,0.0,5.359999999999999,186.64,132.15,126.96,5.77582,863.0
0.0,0.47,0.0,0.0,0.0,0.12,0.2,0.05,0.11,0.0,0.0,0.0,0.0,0.0,0.0,0.0,0.0,0.05,0.0,0.0,0.0,0.0,0.0,0.0,0.0,0.0,0.0,0.0,0.0,0.0,4.72,183.81,131.85000000000002,127.11,5.520589999999999,843.0
0.0,0.43,0.0,0.0,0.0,0.15,0.17,0.05,0.14,0.0,0.0,0.0,0.0,0.0,0.0,0.0,0.0,0.06,0.0,0.0,0.0,0.0,0.0,0.0,0.0,0.0,0.0,0.0,0.0,0.0,4.949999999999999,183.99,132.25,127.08,5.789230000000001,794.0
0.0,0.42,0.0,0.0,0.0,0.1,0.3,0.05,0.07,0.0,0.0,0.0,0.0,0.0,0.0,0.0,0.0,0.06,0.0,0.0,0.0,0.0,0.0,0.0,0.0,0.0,0.0,0.0,0.0,0.0,4.69,183.54,132.65,128.39999999999998,5.69755,783.0
0.0,0.47,0.0,0.0,0.0,0.11,0.22,0.05,0.1,0.0,0.0,0.0,0.0,0.0,0.0,0.0,0.0,0.05,0.0,0.0,0.0,0.0,0.0,0.0,0.0,0.0,0.0,0.0,0.0,0.0,4.67,183.73,131.89999999999998,127.31,5.49625,797.0
0.0,0.47,0.0,0.0,0.0,0.13,0.2,0.05,0.1,0.0,0.0,0.0,0.0,0.0,0.0,0.0,0.0,0.05,0.0,0.0,0.0,0.0,0.0,0.0,0.0,0.0,0.0,0.0,0.0,0.0,4.73,183.79,131.8,127.05,5.530449999999999,805.0
0.0,0.29,0.0,0.0,0.0,0.22,0.34,0.0,0.05,0.0,0.0,0.0,0.0,0.0,0.0,0.0,0.0,0.1,0.0,0.0,0.0,0.0,0.0,0.0,0.0,0.0,0.0,0.0,0.0,0.0,5.489999999999999,185.86,134.05,129.07,6.448100000000001,699.0
0.0,0.47,0.0,0.0,0.0,0.07,0.16,0.09,0.16,0.0,0.0,0.0,0.0,0.0,0.0,0.0,0.0,0.05,0.0,0.0,0.0,0.0,0.0,0.0,0.0,0.0,0.0,0.0,0.0,0.0,4.47,181.95,131.90000000000003,127.13,5.542609999999999,749.0
0.0,0.43,0.0,0.0,0.0,0.14,0.21,0.05,0.12,0.0,0.0,0.0,0.0,0.0,0.0,0.0,0.0,0.05,0.0,0.0,0.0,0.0,0.0,0.0,0.0,0.0,0.0,0.0,0.0,0.0,4.92,184.12,132.35,127.5,5.74003,828.0
0.0,0.47,0.0,0.0,0.0,0.18,0.15,0.05,0.1,0.0,0.0,0.0,0.0,0.0,0.0,0.0,0.0,0.05,0.0,0.0,0.0,0.0,0.0,0.0,0.0,0.0,0.0,0.0,0.0,0.0,4.88,183.94,131.55,126.4,5.615949999999999,849.0
0.0,0.47,0.0,0.0,0.0,0.2,0.18,0.05,0.05,0.0,0.0,0.0,0.0,0.0,0.0,0.0,0.0,0.05,0.0,0.0,0.0,0.0,0.0,0.0,0.0,0.0,0.0,0.0,0.0,0.0,4.839999999999999,183.75,131.45,126.48999999999998,5.61395,883.0
0.0,0.43,0.0,0.0,0.0,0.18,0.2,0.0,0.12,0.0,0.0,0.0,0.0,0.0,0.0,0.0,0.0,0.07,0.0,0.0,0.0,0.0,0.0,0.0,0.0,0.0,0.0,0.0,0.0,0.0,5.21,186.17,132.29999999999998,127.03000000000002,5.75452,864.0
0.0,0.47,0.0,0.0,0.0,0.17,0.16,0.05,0.1,0.0,0.0,0.0,0.0,0.0,0.0,0.0,0.0,0.05,0.0,0.0,0.0,0.0,0.0,0.0,0.0,0.0,0.0,0.0,0.0,0.0,4.85,183.91,131.60000000000002,126.53,5.59885,841.0
0.0,0.46,0.0,0.0,0.0,0.21,0.18,0.05,0.05,0.0,0.0,0.0,0.0,0.0,0.0,0.0,0.0,0.05,0.0,0.0,0.0,0.0,0.0,0.0,0.0,0.0,0.0,0.0,0.0,0.0,4.9,183.83,131.55,126.54,5.675549999999999,840.0
0.0,0.43,0.0,0.0,0.0,0.22,0.22,0.0,0.08,0.0,0.0,0.0,0.0,0.0,0.0,0.0,0.0,0.05,0.0,0.0,0.0,0.0,0.0,0.0,0.0,0.0,0.0,0.0,0.0,0.0,5.33,186.61000000000004,132.2,127.09,5.75872,882.0
0.0,0.43,0.0,0.0,0.0,0.22,0.23,0.0,0.07,0.0,0.0,0.0,0.0,0.0,0.0,0.0,0.0,0.05,0.0,0.0,0.0,0.0,0.0,0.0,0.0,0.0,0.0,0.0,0.0,0.0,5.31,186.56000000000003,132.2,127.16,5.75148,883.0
0.0,0.43,0.0,0.0,0.0,0.2,0.21,0.0,0.09,0.0,0.0,0.0,0.0,0.0,0.0,0.0,0.0,0.07,0.0,0.0,0.0,0.0,0.0,0.0,0.0,0.0,0.0,0.0,0.0,0.0,5.209999999999999,186.08,132.2,126.98,5.767,828.0
0.0,0.43,0.0,0.0,0.0,0.22,0.25,0.0,0.05,0.0,0.0,0.0,0.0,0.0,0.0,0.0,0.0,0.05,0.0,0.0,0.0,0.0,0.0,0.0,0.0,0.0,0.0,0.0,0.0,0.0,5.27,186.46,132.2,127.3,5.736999999999999,848.0
0.0,0.47,0.0,0.0,0.0,0.19,0.19,0.05,0.05,0.0,0.0,0.0,0.0,0.0,0.0,0.0,0.0,0.05,0.0,0.0,0.0,0.0,0.0,0.0,0.0,0.0,0.0,0.0,0.0,0.0,4.81,183.72,131.5,126.62,5.59685,878.0
0.0,0.43,0.0,0.0,0.0,0.29,0.18,0.0,0.05,0.0,0.0,0.0,0.0,0.0,0.0,0.0,0.0,0.05,0.0,0.0,0.0,0.0,0.0,0.0,0.0,0.0,0.0,0.0,0.0,0.0,5.48,186.67,131.85000000000002,126.39,5.856699999999999,782.0
0.0,0.0,0.0,0.0,0.0,0.0,0.12,0.0,0.0,0.0,0.0,0.0,0.0,0.0,0.2,0.42,0.0,0.0,0.0,0.0,0.0,0.0,0.0,0.01,0.13,0.12,0.0,0.0,0.0,0.0,5.19,199.38,142.54999999999998,157.21999999999997,7.966399999999999,741.0
0.0,0.25,0.0,0.0,0.0,0.25,0.0,0.0,0.0,0.0,0.0,0.0,0.0,0.0,0.0,0.0,0.0,0.25,0.0,0.0,0.0,0.0,0.0,0.0,0.25,0.0,0.0,0.0,0.0,0.0,4.5,181.5,133.75,132.75,6.243,672.0
0.0,0.25,0.0,0.0,0.0,0.0,0.0,0.0,0.25,0.0,0.0,0.0,0.0,0.0,0.0,0.0,0.0,0.25,0.0,0.0,0.0,0.0,0.0,0.0,0.25,0.0,0.0,0.0,0.0,0.0,4.25,182.0,135.0,134.25,5.9965,666.0
0.0,0.2,0.0,0.0,0.0,0.2,0.0,0.0,0.2,0.0,0.0,0.0,0.0,0.0,0.0,0.0,0.0,0.2,0.0,0.0,0.0,0.0,0.0,0.0,0.2,0.0,0.0,0.0,0.0,0.0,5.200000000000001,184.0,135.0,132.60000000000002,6.5692,667.0
0.0,0.0,0.0,0.0,0.0,0.0,0.0,0.0,0.0,0.0,0.0,0.0,0.0,0.0,0.286,0.286,0.0,0.0,0.0,0.143,0.0,0.0,0.0,0.0,0.0,0.0,0.286,0.0,0.0,0.0,5.863,210.067,140.85500000000002,158.873,13.862419999999998,473.0
0.0,0.3,0.0,0.0,0.0,0.167,0.167,0.0,0.167,0.0,0.0,0.0,0.0,0.0,0.0,0.0,0.0,0.167,0.0,0.0,0.0,0.0,0.0,0.0,0.033,0.0,0.0,0.0,0.0,0.0,5.207,184.617,133.96999999999997,128.587,6.4354320000000005,605.5
0.0,0.25,0.0,0.0,0.0,0.167,0.167,0.0,0.167,0.0,0.0,0.0,0.0,0.0,0.0,0.0,0.0,0.167,0.0,0.0,0.0,0.0,0.0,0.0,0.083,0.0,0.0,0.0,0.0,0.0,5.257,184.767,134.72000000000003,130.537,6.525432,641.7
0.0,0.2,0.0,0.0,0.0,0.167,0.167,0.0,0.167,0.0,0.0,0.0,0.0,0.0,0.0,0.0,0.0,0.167,0.0,0.0,0.0,0.0,0.0,0.0,0.133,0.0,0.0,0.0,0.0,0.0,5.307,184.91700000000003,135.47000000000003,132.487,6.615432,639.6
0.0,0.133,0.0,0.0,0.0,0.167,0.167,0.0,0.167,0.0,0.0,0.0,0.0,0.0,0.0,0.0,0.0,0.167,0.0,0.0,0.0,0.0,0.0,0.0,0.2,0.0,0.0,0.0,0.0,0.0,5.374,185.118,136.47500000000002,135.1,6.736032,856.9
0.0,0.0,0.0,0.0,0.0,0.238,0.238,0.0,0.238,0.0,0.0,0.0,0.0,0.0,0.0,0.0,0.0,0.238,0.0,0.0,0.0,0.0,0.0,0.0,0.0,0.0,0.048,0.0,0.0,0.0,6.238,185.724,137.38,131.774,8.731848,244.0
0.0,0.0,0.0,0.0,0.0,0.222,0.222,0.0,0.222,0.0,0.0,0.0,0.0,0.0,0.0,0.0,0.0,0.222,0.0,0.0,0.0,0.0,0.0,0.0,0.0,0.0,0.111,0.0,0.0,0.0,6.216,187.146,137.08499999999998,133.644,9.423012,357.9
0.0,0.0,0.0,0.0,0.0,0.0,0.2,0.0,0.2,0.0,0.0,0.0,0.0,0.0,0.2,0.2,0.0,0.0,0.0,0.0,0.0,0.0,0.0,0.0,0.0,0.2,0.0,0.0,0.0,0.0,6.0,195.60000000000005,141.0,148.4,7.958800000000001,826.0
0.0,0.0,0.0,0.0,0.0,0.0,0.2,0.0,0.2,0.0,0.0,0.0,0.0,0.0,0.2,0.2,0.0,0.0,0.0,0.0,0.0,0.0,0.0,0.0,0.2,0.0,0.0,0.0,0.0,0.0,5.8,197.2,142.0,149.8,7.658799999999999,792.0
0.0,0.0,0.0,0.0,0.0,0.0,0.0,0.0,0.2,0.0,0.0,0.0,0.0,0.0,0.2,0.2,0.0,0.0,0.0,0.0,0.0,0.0,0.0,0.0,0.2,0.2,0.0,0.0,0.0,0.0,5.6,195.2,141.0,152.6,7.4288,699.0
0.0,0.062,0.0,0.0,0.0,0.0,0.208,0.104,0.208,0.0,0.0,0.0,0.0,0.0,0.0,0.0,0.0,0.417,0.0,0.0,0.0,0.0,0.0,0.0,0.0,0.0,0.0,0.0,0.0,0.0,4.036,173.603,136.325,129.30599999999998,7.937728,107.0
0.0,0.0,0.0,0.0,0.0,0.233,0.233,0.0,0.233,0.0,0.0,0.0,0.0,0.0,0.0,0.0,0.0,0.233,0.0,0.0,0.0,0.0,0.0,0.0,0.07,0.0,0.0,0.0,0.0,0.0,6.105,185.04400000000004,137.95000000000002,132.593,7.956468000000001,263.0
0.0,0.0,0.0,0.0,0.0,0.116,0.233,0.0,0.233,0.0,0.0,0.0,0.0,0.0,0.0,0.0,0.0,0.349,0.0,0.0,0.0,0.0,0.0,0.0,0.07,0.0,0.0,0.0,0.0,0.0,5.284000000000001,181.488,137.815,132.235,7.95364,197.0
0.0,0.0,0.0,0.0,0.0,0.0,0.233,0.0,0.233,0.0,0.0,0.0,0.0,0.0,0.0,0.0,0.0,0.465,0.0,0.0,0.0,0.0,0.0,0.0,0.07,0.0,0.0,0.0,0.0,0.0,4.472,178.12400000000002,137.815,132.003,7.959672000000001,335.0
0.0,0.0,0.0,0.0,0.0,0.0,0.0,0.0,0.0,0.0,0.111,0.0,0.0,0.0,0.0,0.0,0.0,0.0,0.0,0.0,0.0,0.0,0.0,0.0,0.444,0.222,0.0,0.0,0.0,0.222,3.774,187.59,143.745,163.28100000000003,6.25374,338.3
0.0,0.0,0.0,0.0,0.0,0.0,0.0,0.0,0.0,0.0,0.105,0.0,0.0,0.0,0.0,0.053,0.0,0.0,0.0,0.0,0.0,0.0,0.0,0.0,0.421,0.211,0.0,0.0,0.0,0.211,3.846,188.973,144.08999999999995,163.635,6.38693,332.4
0.0,0.0,0.0,0.0,0.0,0.0,0.0,0.0,0.0,0.0,0.1,0.0,0.0,0.0,0.0,0.1,0.0,0.0,0.0,0.0,0.0,0.0,0.0,0.0,0.4,0.2,0.0,0.0,0.0,0.2,3.9,189.7,144.0,163.5,6.4910000000000005,322.5
0.0,0.0,0.0,0.0,0.0,0.0,0.0,0.0,0.0,0.0,0.095,0.0,0.0,0.0,0.0,0.143,0.0,0.0,0.0,0.0,0.0,0.0,0.0,0.0,0.381,0.19,0.0,0.0,0.0,0.19,3.949,190.338,143.9,163.357,6.582310000000001,318.9
0.0,0.0,0.0,0.0,0.0,0.0,0.0,0.0,0.0,0.0,0.091,0.0,0.0,0.0,0.0,0.182,0.0,0.0,0.0,0.0,0.0,0.0,0.0,0.0,0.364,0.182,0.0,0.0,0.0,0.182,4.004,191.464,144.235,163.709,6.686679999999999,310.4
0.0,0.125,0.0,0.0,0.0,0.25,0.0,0.0,0.25,0.0,0.0,0.0,0.0,0.0,0.0,0.0,0.0,0.25,0.0,0.0,0.0,0.0,0.0,0.0,0.125,0.0,0.0,0.0,0.0,0.0,5.625,183.625,135.625,130.625,7.3115,733.0
0.0,0.088,0.0,0.0,0.0,0.175,0.175,0.0,0.175,0.0,0.0,0.0,0.0,0.175,0.0,0.0,0.0,0.175,0.0,0.0,0.0,0.0,0.0,0.035,0.0,0.0,0.0,0.0,0.0,0.0,6.038999999999999,187.412,136.825,132.09799999999998,7.8284,385.0
0.0,0.085,0.0,0.0,0.0,0.169,0.169,0.0,0.169,0.0,0.0,0.0,0.0,0.169,0.0,0.0,0.0,0.169,0.0,0.0,0.0,0.0,0.0,0.068,0.0,0.0,0.0,0.0,0.0,0.0,6.003000000000001,188.411,137.095,133.38500000000002,8.120924,486.0
0.0,0.089,0.0,0.0,0.0,0.163,0.163,0.0,0.163,0.0,0.0,0.0,0.0,0.163,0.0,0.0,0.0,0.163,0.0,0.0,0.0,0.0,0.0,0.098,0.0,0.0,0.0,0.0,0.0,0.0,5.973,190.04700000000005,137.80499999999998,135.009,8.383148,570.0
0.0,0.0,0.0,0.0,0.0,0.192,0.192,0.0,0.192,0.0,0.0,0.0,0.0,0.192,0.0,0.0,0.0,0.192,0.0,0.0,0.0,0.0,0.0,0.038,0.0,0.0,0.0,0.0,0.0,0.0,6.3340000000000005,187.766,137.99,133.18,8.321632,200.0
0.0,0.0,0.0,0.0,0.0,0.185,0.185,0.0,0.185,0.0,0.0,0.0,0.0,0.185,0.0,0.0,0.0,0.185,0.0,0.0,0.0,0.0,0.0,0.074,0.0,0.0,0.0,0.0,0.0,0.0,6.29,189.033,138.38,134.68,8.63136,290.0
0.0,0.0,0.0,0.0,0.0,0.179,0.179,0.0,0.179,0.0,0.0,0.0,0.0,0.179,0.0,0.0,0.0,0.179,0.0,0.0,0.0,0.0,0.0,0.107,0.0,0.0,0.0,0.0,0.0,0.0,6.262999999999999,190.584,139.025,136.32999999999998,8.931984,345.0
0.0,0.068,0.0,0.0,0.0,0.227,0.227,0.0,0.227,0.0,0.0,0.0,0.0,0.0,0.023,0.0,0.0,0.227,0.0,0.0,0.0,0.0,0.0,0.0,0.0,0.0,0.0,0.0,0.0,0.0,6.017,184.845,136.685,130.037,7.862892,200.0
0.0,0.33,0.0,0.0,0.0,0.33,0.03,0.0,0.0,0.0,0.0,0.0,0.0,0.0,0.0,0.24,0.0,0.0,0.0,0.0,0.0,0.0,0.0,0.0,0.0,0.0,0.07,0.0,0.0,0.0,5.76,194.13,134.25,136.38,7.4371,1084.0
0.0,0.0,0.0,0.0,0.0,0.24,0.22,0.0,0.0,0.0,0.0,0.0,0.0,0.0,0.0,0.0,0.0,0.24,0.0,0.0,0.0,0.0,0.0,0.12,0.18,0.0,0.0,0.0,0.0,0.0,5.279999999999999,186.48,138.2,139.78,8.61628,1011.0
0.0,0.36,0.0,0.0,0.0,0.06,0.0,0.0,0.0,0.0,0.0,0.0,0.0,0.0,0.38,0.0,0.0,0.11,0.0,0.0,0.0,0.0,0.0,0.0,0.0,0.0,0.09,0.0,0.0,0.0,4.66,194.01,135.20000000000002,137.86,8.09692,725.0
0.0,0.0,0.0,0.0,0.0,0.02,0.0,0.0,0.0,0.0,0.0,0.0,0.0,0.0,0.0,0.3,0.0,0.47,0.0,0.0,0.0,0.0,0.0,0.12,0.09,0.0,0.0,0.0,0.0,0.0,3.58,185.42,139.64999999999998,144.79999999999998,9.30984,815.0
0.0,0.0,0.0,0.0,0.0,0.12,0.21,0.0,0.0,0.0,0.0,0.0,0.0,0.0,0.0,0.21,0.0,0.02,0.0,0.0,0.0,0.0,0.0,0.0,0.44,0.0,0.0,0.0,0.0,0.0,5.19,191.74,140.35,151.63,6.52264,422.0
0.0,0.0,0.0,0.0,0.0,0.39,0.19,0.0,0.0,0.0,0.0,0.0,0.0,0.0,0.0,0.09,0.0,0.0,0.0,0.0,0.0,0.0,0.0,0.01,0.32,0.0,0.0,0.0,0.0,0.0,6.43,191.43,138.55,143.21,7.1892000000000005,856.0
0.0,0.0,0.0,0.0,0.0,0.22,0.0,0.0,0.0,0.0,0.0,0.0,0.0,0.0,0.0,0.31,0.0,0.0,0.0,0.0,0.0,0.0,0.0,0.04,0.39,0.0,0.04,0.0,0.0,0.0,5.53,196.42000000000004,140.45000000000002,154.24,7.788900000000001,277.0
0.0,0.222,0.0,0.0,0.0,0.222,0.0,0.222,0.222,0.0,0.0,0.0,0.0,0.0,0.0,0.0,0.0,0.111,0.0,0.0,0.0,0.0,0.0,0.0,0.0,0.0,0.0,0.0,0.0,0.0,4.884000000000001,175.713,133.755,127.206,7.286706,430.9
0.0,0.208,0.0,0.0,0.0,0.208,0.0,0.208,0.208,0.0,0.0,0.0,0.0,0.0,0.0,0.0,0.0,0.167,0.0,0.0,0.0,0.0,0.0,0.0,0.0,0.0,0.0,0.0,0.0,0.0,4.702,174.901,133.825,126.996,7.38864,420.0
0.0,0.182,0.0,0.0,0.0,0.182,0.0,0.182,0.182,0.0,0.0,0.0,0.0,0.0,0.0,0.0,0.0,0.273,0.0,0.0,0.0,0.0,0.0,0.0,0.0,0.0,0.0,0.0,0.0,0.0,4.368,173.719,134.22500000000002,126.854,7.59577,323.8
0.0,0.167,0.0,0.0,0.0,0.167,0.0,0.167,0.167,0.0,0.0,0.0,0.0,0.0,0.0,0.0,0.0,0.333,0.0,0.0,0.0,0.0,0.0,0.0,0.0,0.0,0.0,0.0,0.0,0.0,4.173,172.849,134.3,126.629,7.704985000000001,299.2
0.0,0.143,0.0,0.0,0.0,0.143,0.0,0.143,0.143,0.0,0.0,0.0,0.0,0.0,0.0,0.0,0.0,0.429,0.0,0.0,0.0,0.0,0.0,0.0,0.0,0.0,0.0,0.0,0.0,0.0,3.8609999999999993,171.457,134.42,126.269,7.879729,279.6
0.0,0.111,0.0,0.0,0.0,0.0,0.222,0.0,0.222,0.0,0.0,0.0,0.0,0.222,0.0,0.0,0.0,0.222,0.0,0.0,0.0,0.0,0.0,0.0,0.0,0.0,0.0,0.0,0.0,0.0,5.439,185.37,137.08499999999998,131.979,7.234092,353.0
0.0,0.13,0.0,0.0,0.0,0.0,0.217,0.0,0.217,0.0,0.0,0.0,0.0,0.217,0.0,0.0,0.0,0.217,0.0,0.0,0.0,0.0,0.0,0.0,0.0,0.0,0.0,0.0,0.0,0.0,5.380999999999999,185.151,136.68499999999997,131.608,7.129212,361.0
0.0,0.149,0.0,0.0,0.0,0.0,0.213,0.0,0.213,0.0,0.0,0.0,0.0,0.213,0.0,0.0,0.0,0.213,0.0,0.0,0.0,0.0,0.0,0.0,0.0,0.0,0.0,0.0,0.0,0.0,5.346,185.675,136.84,131.771,7.055567999999999,375.0
0.0,0.167,0.0,0.0,0.0,0.0,0.208,0.0,0.208,0.0,0.0,0.0,0.0,0.208,0.0,0.0,0.0,0.208,0.0,0.0,0.0,0.0,0.0,0.0,0.0,0.0,0.0,0.0,0.0,0.0,5.285,185.272,136.315,131.279,6.947988,386.0
0.0,0.0,0.0,0.0,0.0,0.2,0.2,0.0,0.2,0.0,0.0,0.0,0.0,0.0,0.0,0.0,0.0,0.2,0.2,0.0,0.0,0.0,0.0,0.0,0.0,0.0,0.0,0.0,0.0,0.0,7.000000000000001,188.00000000000003,138.0,132.0,8.959200000000001,295.0
0.0,0.0,0.0,0.0,0.0,0.192,0.192,0.0,0.192,0.0,0.0,0.0,0.0,0.038,0.0,0.0,0.0,0.192,0.192,0.0,0.0,0.0,0.0,0.0,0.0,0.0,0.0,0.0,0.0,0.0,6.986,187.966,137.8,132.002,8.878232,470.0
0.0,0.0,0.0,0.0,0.0,0.185,0.185,0.0,0.185,0.0,0.0,0.0,0.0,0.074,0.0,0.0,0.0,0.185,0.185,0.0,0.0,0.0,0.0,0.0,0.0,0.0,0.0,0.0,0.0,0.0,6.992999999999999,188.478,138.01,132.386,8.82746,380.0
0.0,0.0,0.0,0.0,0.0,0.179,0.179,0.0,0.179,0.0,0.0,0.0,0.0,0.107,0.0,0.0,0.0,0.179,0.179,0.0,0.0,0.0,0.0,0.0,0.0,0.0,0.0,0.0,0.0,0.0,7.013999999999999,189.339,138.49,133.013,8.799584,180.0
0.0,0.0,0.0,0.0,0.0,0.172,0.172,0.0,0.172,0.0,0.0,0.0,0.0,0.138,0.0,0.0,0.0,0.172,0.172,0.0,0.0,0.0,0.0,0.0,0.0,0.0,0.0,0.0,0.0,0.0,6.986,188.866,138.0,132.702,8.712311999999999,160.0
0.0,0.0,0.0,0.0,0.0,0.0,0.312,0.0,0.312,0.0,0.0,0.0,0.0,0.0,0.0,0.0,0.0,0.312,0.0,0.0,0.0,0.0,0.0,0.0,0.062,0.0,0.0,0.0,0.0,0.0,5.239999999999999,181.946,138.16,133.16000000000005,7.747032000000001,362.2
0.0,0.0,0.0,0.0,0.0,0.0,0.303,0.0,0.303,0.0,0.0,0.0,0.0,0.0,0.0,0.0,0.0,0.303,0.0,0.0,0.0,0.0,0.0,0.0,0.091,0.0,0.0,0.0,0.0,0.0,5.212,182.455,138.485,134.245,7.662108,510.3
0.0,0.0,0.0,0.0,0.0,0.0,0.294,0.0,0.294,0.0,0.0,0.0,0.0,0.0,0.0,0.0,0.0,0.294,0.0,0.0,0.0,0.0,0.0,0.0,0.118,0.0,0.0,0.0,0.0,0.0,5.175999999999999,182.59,138.52999999999997,135.01,7.568184,600.3
0.0,0.0,0.0,0.0,0.0,0.0,0.286,0.0,0.286,0.0,0.0,0.0,0.0,0.0,0.0,0.0,0.0,0.286,0.0,0.0,0.0,0.0,0.0,0.0,0.143,0.0,0.0,0.0,0.0,0.0,5.148,182.897,138.70999999999998,135.85,7.489195999999999,709.6
0.0,0.0,0.0,0.0,0.0,0.0,0.278,0.0,0.278,0.0,0.0,0.0,0.0,0.0,0.0,0.0,0.0,0.278,0.0,0.0,0.0,0.0,0.0,0.0,0.167,0.0,0.0,0.0,0.0,0.0,5.1160000000000005,183.017,138.75,136.53000000000003,7.405708000000001,718.2
0.0,0.2,0.0,0.0,0.0,0.0,0.2,0.2,0.2,0.0,0.0,0.0,0.0,0.2,0.0,0.0,0.0,0.0,0.0,0.0,0.0,0.0,0.0,0.0,0.0,0.0,0.0,0.0,0.0,0.0,5.000000000000001,180.80000000000004,136.0,132.6,6.791399999999999,633.0
0.0,0.198,0.0,0.0,0.0,0.0,0.198,0.198,0.198,0.0,0.0,0.0,0.0,0.198,0.0,0.0,0.0,0.0,0.0,0.0,0.0,0.0,0.0,0.0,0.0,0.0,0.01,0.0,0.0,0.0,5.010000000000001,181.092,135.99,132.894,6.916486000000001,680.0
0.0,0.196,0.0,0.0,0.0,0.0,0.196,0.196,0.196,0.0,0.0,0.0,0.0,0.196,0.0,0.0,0.0,0.0,0.0,0.0,0.0,0.0,0.0,0.0,0.0,0.0,0.02,0.0,0.0,0.0,5.02,181.384,135.98,133.188,7.041572,705.0
0.0,0.182,0.0,0.0,0.0,0.0,0.182,0.182,0.182,0.0,0.0,0.0,0.0,0.182,0.0,0.0,0.0,0.0,0.0,0.0,0.0,0.0,0.0,0.0,0.0,0.0,0.091,0.0,0.0,0.0,5.096,183.638,136.04500000000002,135.408,7.936474,780.0
0.0,0.0,0.0,0.0,0.0,0.0,0.0,0.0,0.0,0.0,0.333,0.0,0.0,0.0,0.0,0.0,0.0,0.0,0.0,0.0,0.0,0.0,0.0,0.0,0.333,0.0,0.0,0.0,0.0,0.333,3.33,194.805,149.85000000000002,169.83,8.09856,211.0
0.0,0.0,0.0,0.0,0.0,0.0,0.0,0.0,0.0,0.0,0.25,0.0,0.0,0.0,0.0,0.0,0.0,0.0,0.0,0.0,0.25,0.0,0.0,0.0,0.25,0.0,0.0,0.0,0.0,0.25,3.25,199.0,152.5,170.0,6.827500000000001,233.0
0.0,0.0,0.0,0.0,0.0,0.0,0.0,0.0,0.0,0.0,0.25,0.0,0.0,0.0,0.0,0.0,0.0,0.0,0.0,0.0,0.0,0.0,0.0,0.0,0.25,0.0,0.0,0.25,0.0,0.25,3.25,201.0,157.5,175.0,7.1975,241.0
0.0,0.0,0.0,0.0,0.0,0.0,0.0,0.0,0.0,0.0,0.2,0.0,0.0,0.0,0.0,0.0,0.0,0.0,0.0,0.0,0.2,0.0,0.0,0.0,0.2,0.0,0.0,0.2,0.0,0.2,3.2,203.00000000000003,158.0,174.0,6.356000000000001,256.0
0.0,0.18,0.0,0.0,0.0,0.3,0.1,0.0,0.1,0.0,0.0,0.0,0.0,0.0,0.0,0.0,0.0,0.32,0.0,0.0,0.0,0.0,0.0,0.0,0.0,0.0,0.0,0.0,0.0,0.0,5.28,181.18,134.2,126.36,7.49824,305.4
0.0,0.18,0.0,0.0,0.0,0.3,0.1,0.0,0.1,0.0,0.0,0.0,0.0,0.0,0.01,0.0,0.0,0.31,0.0,0.0,0.0,0.0,0.0,0.0,0.0,0.0,0.0,0.0,0.0,0.0,5.319999999999999,181.64,134.3,126.66,7.51112,357.3
0.0,0.18,0.0,0.0,0.0,0.3,0.1,0.0,0.1,0.0,0.0,0.0,0.0,0.0,0.02,0.0,0.0,0.3,0.0,0.0,0.0,0.0,0.0,0.0,0.0,0.0,0.0,0.0,0.0,0.0,5.359999999999999,182.1,134.4,126.96,7.524000000000001,362.6
0.0,0.18,0.0,0.0,0.0,0.3,0.1,0.0,0.1,0.0,0.0,0.0,0.0,0.0,0.03,0.0,0.0,0.29,0.0,0.0,0.0,0.0,0.0,0.0,0.0,0.0,0.0,0.0,0.0,0.0,5.4,182.56,134.5,127.26000000000002,7.53688,359.7
0.0,0.0,0.0,0.0,0.0,0.0,0.0,0.0,0.0,0.0,0.0,0.0,0.0,0.0,0.0,0.25,0.0,0.0,0.0,0.0,0.0,0.0,0.0,0.25,0.25,0.0,0.0,0.0,0.0,0.25,4.0,199.25,146.25,167.25,8.997499999999999,358.0
0.0,0.0,0.0,0.0,0.0,0.0,0.0,0.0,0.0,0.0,0.0,0.0,0.0,0.0,0.0,0.0,0.0,0.0,0.0,0.0,0.0,0.0,0.0,0.333,0.333,0.0,0.0,0.0,0.0,0.333,3.663,196.47000000000003,146.52,168.16500000000002,9.13086,485.0
0.0,0.0,0.0,0.0,0.0,0.0,0.0,0.0,0.0,0.0,0.0,0.0,0.0,0.0,0.0,0.375,0.0,0.0,0.0,0.0,0.0,0.0,0.0,0.25,0.25,0.0,0.0,0.0,0.0,0.125,4.375,201.875,145.0,165.875,9.25375,294.0
0.0,0.0,0.0,0.0,0.0,0.0,0.0,0.0,0.0,0.0,0.0,0.0,0.0,0.0,0.0,0.125,0.0,0.0,0.0,0.0,0.0,0.0,0.0,0.25,0.25,0.0,0.0,0.0,0.0,0.375,3.625,196.625,147.5,168.625,8.741249999999999,489.0
0.0,0.245,0.0,0.0,0.0,0.0,0.0,0.0,0.316,0.0,0.0,0.0,0.0,0.286,0.0,0.0,0.0,0.153,0.0,0.0,0.0,0.0,0.0,0.0,0.0,0.0,0.0,0.0,0.0,0.0,5.571,187.665,135.56,130.083,6.60102,310.0
0.0,0.243,0.0,0.0,0.0,0.0,0.0,0.0,0.314,0.0,0.0,0.0,0.0,0.283,0.0,0.0,0.0,0.152,0.0,0.0,0.0,0.0,0.0,0.0,0.008,0.0,0.0,0.0,0.0,0.0,5.558,187.651,135.595,130.31599999999997,6.58506,330.0
0.0,0.238,0.0,0.0,0.0,0.0,0.0,0.0,0.307,0.0,0.0,0.0,0.0,0.277,0.0,0.0,0.0,0.149,0.0,0.0,0.0,0.0,0.0,0.0,0.03,0.0,0.0,0.0,0.0,0.0,5.527,187.816,135.82500000000002,131.101,6.544905999999999,500.0
0.0,0.111,0.0,0.0,0.0,0.0,0.222,0.222,0.222,0.0,0.0,0.0,0.0,0.0,0.0,0.0,0.0,0.222,0.0,0.0,0.0,0.0,0.0,0.0,0.0,0.0,0.0,0.0,0.0,0.0,4.107,172.716,135.975,130.425,7.596618000000001,226.0
0.0,0.077,0.0,0.0,0.0,0.288,0.192,0.0,0.192,0.0,0.0,0.0,0.0,0.0,0.0,0.0,0.0,0.192,0.0,0.0,0.0,0.0,0.0,0.0,0.058,0.0,0.0,0.0,0.0,0.0,6.127,185.142,136.305,130.725,7.616292,515.0
0.0,0.25,0.0,0.0,0.0,0.0,0.0,0.0,0.0,0.0,0.0,0.0,0.0,0.0,0.0,0.25,0.0,0.0,0.0,0.0,0.0,0.0,0.0,0.0,0.25,0.0,0.0,0.0,0.0,0.25,3.5,191.0,141.25,155.0,5.5725,422.0
0.0,0.211,0.0,0.0,0.0,0.0,0.211,0.0,0.211,0.0,0.0,0.0,0.0,0.0,0.105,0.0,0.0,0.211,0.0,0.0,0.0,0.0,0.0,0.0,0.053,0.0,0.0,0.0,0.0,0.0,4.851,185.886,136.58499999999998,133.52599999999998,6.929696,712.0
0.0,0.204,0.0,0.0,0.0,0.0,0.204,0.0,0.204,0.0,0.0,0.0,0.0,0.0,0.102,0.0,0.0,0.204,0.0,0.0,0.0,0.0,0.0,0.0,0.082,0.0,0.0,0.0,0.0,0.0,4.816000000000001,185.572,136.43,134.09199999999998,6.843144,731.9
0.0,0.2,0.0,0.0,0.0,0.0,0.2,0.0,0.2,0.0,0.0,0.0,0.0,0.0,0.1,0.0,0.0,0.2,0.0,0.0,0.0,0.0,0.0,0.0,0.1,0.0,0.0,0.0,0.0,0.0,4.800000000000001,185.6,136.5,134.6,6.797199999999999,751.7
0.0,0.196,0.0,0.0,0.0,0.0,0.196,0.0,0.196,0.0,0.0,0.0,0.0,0.0,0.098,0.0,0.0,0.196,0.0,0.0,0.0,0.0,0.0,0.0,0.118,0.0,0.0,0.0,0.0,0.0,4.784000000000001,185.628,136.57,135.108,6.7512560000000015,756.1
0.0,0.19,0.0,0.0,0.0,0.0,0.19,0.0,0.19,0.0,0.0,0.0,0.0,0.0,0.095,0.0,0.0,0.19,0.0,0.0,0.0,0.0,0.0,0.0,0.143,0.0,0.0,0.0,0.0,0.0,4.752,185.296,136.395,135.55,6.67334,766.2
0.0,0.0,0.0,0.0,0.0,0.0,0.25,0.0,0.0,0.0,0.0,0.0,0.0,0.0,0.0,0.25,0.0,0.0,0.0,0.0,0.0,0.0,0.0,0.0,0.25,0.0,0.25,0.0,0.0,0.0,5.25,198.25,140.0,156.25,9.88,630.0
0.0,0.167,0.0,0.0,0.0,0.167,0.167,0.0,0.167,0.0,0.0,0.0,0.0,0.0,0.0,0.0,0.0,0.167,0.0,0.0,0.0,0.167,0.0,0.0,0.0,0.0,0.0,0.0,0.0,0.0,5.343999999999999,189.044,131.09500000000003,125.751,6.3168752,868.0
0.0,0.0,0.0,0.0,0.0,0.111,0.0,0.111,0.111,0.0,0.0,0.0,0.0,0.0,0.0,0.556,0.0,0.111,0.0,0.0,0.0,0.0,0.0,0.0,0.0,0.0,0.0,0.0,0.0,0.0,5.000000000000001,191.571,141.115,148.23800000000003,8.603189,627.0
0.0,0.174,0.0,0.0,0.0,0.174,0.174,0.0,0.174,0.0,0.0,0.0,0.0,0.0,0.0,0.13,0.0,0.174,0.0,0.0,0.0,0.0,0.0,0.0,0.0,0.0,0.0,0.0,0.0,0.0,5.521999999999999,187.338,136.3,133.028,7.290404,831.0
0.0,0.0,0.0,0.0,0.0,0.25,0.25,0.0,0.25,0.0,0.0,0.0,0.0,0.25,0.0,0.0,0.0,0.0,0.0,0.0,0.0,0.0,0.0,0.0,0.0,0.0,0.0,0.0,0.0,0.0,7.5,193.0,138.75,134.0,7.795999999999999,439.0
0.0,0.0,0.0,0.0,0.0,0.25,0.25,0.0,0.0,0.0,0.0,0.0,0.0,0.0,0.25,0.25,0.0,0.0,0.0,0.0,0.0,0.0,0.0,0.0,0.0,0.0,0.0,0.0,0.0,0.0,6.5,199.25,141.25,145.75,8.695,1019.0
0.0,0.25,0.0,0.0,0.0,0.0,0.25,0.0,0.0,0.0,0.0,0.0,0.0,0.0,0.25,0.25,0.0,0.0,0.0,0.0,0.0,0.0,0.0,0.0,0.0,0.0,0.0,0.0,0.0,0.0,5.0,197.25,138.75,144.5,7.154999999999999,1002.0
0.0,0.25,0.0,0.0,0.0,0.0,0.0,0.0,0.0,0.0,0.25,0.0,0.0,0.0,0.0,0.25,0.0,0.0,0.0,0.0,0.0,0.0,0.0,0.0,0.25,0.0,0.0,0.0,0.0,0.0,4.0,197.5,141.25,155.0,7.2675,574.0
0.0,0.147,0.0,0.0,0.0,0.147,0.147,0.147,0.0,0.0,0.0,0.0,0.0,0.0,0.0,0.0,0.0,0.147,0.0,0.0,0.0,0.0,0.0,0.0,0.147,0.0,0.0,0.118,0.0,0.0,4.029,180.927,140.31,140.314,6.562545,949.0
0.0,0.25,0.0,0.0,0.0,0.0,0.25,0.0,0.0,0.0,0.0,0.0,0.0,0.0,0.25,0.0,0.0,0.0,0.0,0.0,0.0,0.0,0.0,0.0,0.25,0.0,0.0,0.0,0.0,0.0,4.75,192.25,137.5,143.5,6.137499999999999,645.0
0.0,0.2,0.0,0.0,0.0,0.0,0.0,0.0,0.0,0.0,0.0,0.0,0.0,0.0,0.2,0.0,0.0,0.0,0.0,0.0,0.0,0.0,0.0,0.2,0.2,0.2,0.0,0.0,0.0,0.0,4.6000000000000005,195.2,138.0,151.6,7.96,528.0
0.0,0.174,0.0,0.0,0.0,0.174,0.174,0.0,0.174,0.0,0.0,0.0,0.0,0.0,0.0,0.13,0.0,0.174,0.0,0.0,0.0,0.0,0.0,0.0,0.0,0.0,0.0,0.0,0.0,0.0,5.521999999999999,187.338,136.3,133.028,7.290404,831.0
0.0,0.0,0.0,0.0,0.0,0.25,0.25,0.0,0.25,0.0,0.0,0.0,0.0,0.25,0.0,0.0,0.0,0.0,0.0,0.0,0.0,0.0,0.0,0.0,0.0,0.0,0.0,0.0,0.0,0.0,7.5,193.0,138.75,134.0,7.795999999999999,439.0
0.0,0.0,0.0,0.0,0.0,0.25,0.25,0.0,0.0,0.0,0.0,0.0,0.0,0.0,0.25,0.25,0.0,0.0,0.0,0.0,0.0,0.0,0.0,0.0,0.0,0.0,0.0,0.0,0.0,0.0,6.5,199.25,141.25,145.75,8.695,1019.0
0.0,0.25,0.0,0.0,0.0,0.0,0.25,0.0,0.0,0.0,0.0,0.0,0.0,0.0,0.25,0.25,0.0,0.0,0.0,0.0,0.0,0.0,0.0,0.0,0.0,0.0,0.0,0.0,0.0,0.0,5.0,197.25,138.75,144.5,7.154999999999999,1002.0
0.0,0.25,0.0,0.0,0.0,0.0,0.0,0.0,0.0,0.0,0.25,0.0,0.0,0.0,0.0,0.25,0.0,0.0,0.0,0.0,0.0,0.0,0.0,0.0,0.25,0.0,0.0,0.0,0.0,0.0,4.0,197.5,141.25,155.0,7.2675,574.0
0.0,0.147,0.0,0.0,0.0,0.147,0.147,0.147,0.0,0.0,0.0,0.0,0.0,0.0,0.0,0.0,0.0,0.147,0.0,0.0,0.0,0.0,0.0,0.0,0.147,0.0,0.0,0.118,0.0,0.0,4.029,180.927,140.31,140.314,6.562545,949.0
0.0,0.25,0.0,0.0,0.0,0.0,0.25,0.0,0.0,0.0,0.0,0.0,0.0,0.0,0.25,0.0,0.0,0.0,0.0,0.0,0.0,0.0,0.0,0.0,0.25,0.0,0.0,0.0,0.0,0.0,4.75,192.25,137.5,143.5,6.137499999999999,645.0
0.0,0.2,0.0,0.0,0.0,0.0,0.0,0.0,0.0,0.0,0.0,0.0,0.0,0.0,0.2,0.0,0.0,0.0,0.0,0.0,0.0,0.0,0.0,0.2,0.2,0.2,0.0,0.0,0.0,0.0,4.6000000000000005,195.2,138.0,151.6,7.96,528.0
0.0,0.0,0.0,0.0,0.0,0.0,0.0,0.0,0.34,0.0,0.0,0.0,0.0,0.0,0.347,0.0,0.0,0.0,0.0,0.0,0.0,0.312,0.0,0.0,0.0,0.0,0.0,0.0,0.0,0.0,6.050000000000001,204.003,132.235,132.95,6.943395199999999,1263.0
0.0,0.342,0.0,0.0,0.0,0.0,0.0,0.0,0.315,0.0,0.0,0.0,0.0,0.0,0.343,0.0,0.0,0.0,0.0,0.0,0.0,0.0,0.0,0.0,0.0,0.0,0.0,0.0,0.0,0.0,5.604000000000001,195.725,136.585,135.784,6.90231,709.0
0.0,0.0,0.0,0.0,0.0,0.34,0.0,0.0,0.0,0.0,0.0,0.0,0.0,0.0,0.0,0.0,0.0,0.0,0.0,0.0,0.0,0.333,0.0,0.327,0.0,0.0,0.0,0.0,0.0,0.0,6.027,206.169,129.945,135.393,9.1509568,1137.0
0.0,0.0,0.0,0.0,0.0,0.311,0.0,0.0,0.345,0.0,0.0,0.0,0.0,0.0,0.0,0.0,0.0,0.0,0.0,0.0,0.0,0.344,0.0,0.0,0.0,0.0,0.0,0.0,0.0,0.0,6.935,198.882,128.125,122.91,6.2733724,950.0
0.0,0.0,0.0,0.0,0.0,0.329,0.0,0.0,0.0,0.0,0.0,0.0,0.0,0.0,0.0,0.0,0.0,0.0,0.0,0.0,0.0,0.34,0.0,0.33,0.0,0.0,0.0,0.0,0.0,0.0,5.971000000000001,206.178,129.665,135.294,9.119004,1286.0
0.0,0.0,0.0,0.0,0.0,0.0,0.0,0.0,0.213,0.0,0.0,0.0,0.0,0.0,0.0,0.0,0.0,0.0,0.0,0.0,0.0,0.11,0.0,0.0,0.0,0.35,0.327,0.0,0.0,0.0,5.856,195.742,133.315,146.85,10.344518,899.0